timeOpen;timeClose;timeHigh;timeLow;name;open;high;low;close;volume;marketCap;circulatingSupply;timestamp
"2013-12-31T00:00:00.000Z";"2013-12-31T23:59:59.999Z";"2013-12-31T00:56:02.000Z";"2013-12-31T04:26:02.000Z";"2781";760.3200073242;760.5800170898;738.1699829102;754.0100097656;20897300;9191325349.25;12189925;"2013-12-31T23:59:59.999Z"
"2013-12-30T00:00:00.000Z";"2013-12-30T23:59:59.999Z";"2013-12-30T20:46:02.000Z";"2013-12-30T00:51:01.000Z";"2781";741.3499755859;766.5999755859;740.2399902344;756.1300048828;20707700;9217167990.25;12189925;"2013-12-30T23:59:59.999Z"
"2013-12-29T00:00:00.000Z";"2013-12-29T23:59:59.999Z";"2013-12-29T21:46:02.000Z";"2013-12-29T04:41:01.000Z";"2781";728.049987793;748.6099853516;714.4400024414;745.049987793;19011300;9082103621.25;12189925;"2013-12-29T23:59:59.999Z"
"2013-12-28T00:00:00.000Z";"2013-12-28T23:59:59.999Z";"2013-12-28T12:06:01.000Z";"2013-12-28T18:11:01.000Z";"2781";737.9799804688;747.0599975586;705.3499755859;727.8300170898;32505800;8869918644;12186800;"2013-12-28T23:59:59.999Z"
"2013-12-27T00:00:00.000Z";"2013-12-27T23:59:59.999Z";"2013-12-27T00:51:02.000Z";"2013-12-27T19:11:01.000Z";"2781";763.2800292969;777.5100097656;713.5999755859;735.0700073242;46862700;8955394563.5;12183050;"2013-12-27T23:59:59.999Z"
"2013-12-26T00:00:00.000Z";"2013-12-26T23:59:59.999Z";"2013-12-26T19:41:01.000Z";"2013-12-26T00:01:02.000Z";"2781";683.9400024414;777.75;683.9400024414;761.9799804688;0;9279735331;12178450;"2013-12-26T23:59:59.999Z"
"2013-12-25T00:00:00.000Z";"2013-12-25T23:59:59.999Z";"2013-12-25T23:46:01.000Z";"2013-12-25T07:01:02.000Z";"2781";666.3099975586;682.700012207;649.4799804688;682.2100219727;0;8305173374.25;12173925;"2013-12-25T23:59:59.999Z"
"2013-12-24T00:00:00.000Z";"2013-12-24T23:59:59.999Z";"2013-12-24T00:06:01.000Z";"2013-12-24T13:36:02.000Z";"2781";672.3599853516;684.3900146484;645.7100219727;665.5800170898;0;8100042042;12169900;"2013-12-24T23:59:59.999Z"
"2013-12-23T00:00:00.000Z";"2013-12-23T23:59:59.999Z";"2013-12-23T23:21:01.000Z";"2013-12-23T00:16:02.000Z";"2781";613.0599975586;680.9099731445;611.0399780273;673.4099731445;0;8192487201.75;12165675;"2013-12-23T23:59:59.999Z"
"2013-12-22T00:00:00.000Z";"2013-12-22T23:59:59.999Z";"2013-12-22T10:16:02.000Z";"2013-12-22T02:21:01.000Z";"2781";601.7800292969;666.7399902344;585.6400146484;617.1799926758;0;7505757422.5;12161375;"2013-12-22T23:59:59.999Z"
"2013-12-21T00:00:00.000Z";"2013-12-21T23:59:59.999Z";"2013-12-21T03:11:02.000Z";"2013-12-21T14:01:02.000Z";"2781";619.9000244141;654.2700195313;579.1699829102;605.6599731445;0;7363114610.5;12157175;"2013-12-21T23:59:59.999Z"
"2013-12-20T00:00:00.000Z";"2013-12-20T23:59:59.999Z";"2013-12-20T07:36:01.000Z";"2013-12-20T23:31:01.000Z";"2781";694.2199707031;729.1599731445;595.3300170898;625.3200073242;0;7599576492;12153050;"2013-12-20T23:59:59.999Z"
"2013-12-19T00:00:00.000Z";"2013-12-19T23:59:59.999Z";"2013-12-19T23:21:01.000Z";"2013-12-19T02:01:02.000Z";"2781";519.0599975586;707.2299804688;502.8900146484;691.9600219727;0;8406397153;12148675;"2013-12-19T23:59:59.999Z"
"2013-12-18T00:00:00.000Z";"2013-12-18T23:59:59.999Z";"2013-12-18T00:16:02.000Z";"2013-12-18T11:11:02.000Z";"2781";678.200012207;679.3200073242;420.5100097656;522.700012207;0;6347159167.5;12143025;"2013-12-18T23:59:59.999Z"
"2013-12-17T00:00:00.000Z";"2013-12-17T23:59:59.999Z";"2013-12-17T07:16:02.000Z";"2013-12-17T02:46:01.000Z";"2781";706.3699951172;754.8300170898;630.8800048828;682.1199951172;0;8279623719;12138075;"2013-12-17T23:59:59.999Z"
"2013-12-16T00:00:00.000Z";"2013-12-16T23:59:59.999Z";"2013-12-16T00:06:01.000Z";"2013-12-16T19:46:02.000Z";"2781";880.3300170898;882.25;668.25;705.9699707031;0;8565534010;12133000;"2013-12-16T23:59:59.999Z"
"2013-12-15T00:00:00.000Z";"2013-12-15T23:59:59.999Z";"2013-12-15T23:21:02.000Z";"2013-12-15T05:56:02.000Z";"2781";875.2899780273;886.1599731445;825;876.1199951172;0;10625517651;12127925;"2013-12-15T23:59:59.999Z"
"2013-12-14T00:00:00.000Z";"2013-12-14T23:59:59.999Z";"2013-12-14T08:21:01.000Z";"2013-12-14T13:21:02.000Z";"2781";899.8499755859;904.6500244141;858.3599853516;872.5999755859;0;10578987915;12123525;"2013-12-14T23:59:59.999Z"
"2013-12-13T00:00:00.000Z";"2013-12-13T23:59:59.999Z";"2013-12-13T09:56:01.000Z";"2013-12-13T20:21:02.000Z";"2781";874.9799804688;941.7899780273;860.049987793;892.5800170898;0;10816819988;12118600;"2013-12-13T23:59:59.999Z"
"2013-12-12T00:00:00.000Z";"2013-12-12T23:59:59.999Z";"2013-12-12T01:21:01.000Z";"2013-12-12T16:46:11.000Z";"2781";882.7800292969;901.9400024414;844.950012207;873.2600097656;0;10578889955;12114250;"2013-12-12T23:59:59.999Z"
"2013-12-11T00:00:00.000Z";"2013-12-11T23:59:59.999Z";"2013-12-11T01:21:02.000Z";"2013-12-11T01:01:02.000Z";"2781";989.0700073242;1001.5800170898;834.2299804688;878.4799804688;0;10638546534;12110175;"2013-12-11T23:59:59.999Z"
"2013-12-10T00:00:00.000Z";"2013-12-10T23:59:59.999Z";"2013-12-10T20:36:01.000Z";"2013-12-10T00:01:01.000Z";"2781";892.3200073242;997.2299804688;892.3200073242;988.5100097656;0;11966951485.5;12106050;"2013-12-10T23:59:59.999Z"
"2013-12-09T00:00:00.000Z";"2013-12-09T23:59:59.999Z";"2013-12-09T07:21:12.000Z";"2013-12-09T00:36:01.000Z";"2781";793.799987793;921.9299926758;780.9000244141;893.1900024414;0;10808715487.5;12101250;"2013-12-09T23:59:59.999Z"
"2013-12-08T00:00:00.000Z";"2013-12-08T23:59:59.999Z";"2013-12-08T22:41:01.000Z";"2013-12-08T01:36:01.000Z";"2781";697.3099975586;802.5100097656;670.8800048828;795.8699951172;0;9627500112.75;12096825;"2013-12-08T23:59:59.999Z"
"2013-12-07T00:00:00.000Z";"2013-12-07T23:59:59.999Z";"2013-12-07T00:21:01.000Z";"2013-12-07T10:21:02.000Z";"2781";835.3200073242;854.6400146484;640.2199707031;698.2299804688;0;8442962248.5;12091950;"2013-12-07T23:59:59.999Z"
"2013-12-06T00:00:00.000Z";"2013-12-06T23:59:59.999Z";"2013-12-06T03:26:02.000Z";"2013-12-06T04:31:02.000Z";"2781";1042.3800048828;1042.3800048828;829.450012207;829.450012207;0;10025645095;12087100;"2013-12-06T23:59:59.999Z"
"2013-12-05T00:00:00.000Z";"2013-12-05T23:59:59.999Z";"2013-12-05T15:26:02.000Z";"2013-12-05T16:16:01.000Z";"2781";1152.7299804688;1154.3599853516;897.1099853516;1045.1099853516;0;12626914509;12081900;"2013-12-05T23:59:59.999Z"
"2013-12-04T00:00:00.000Z";"2013-12-04T23:59:59.999Z";"2013-12-04T23:26:02.000Z";"2013-12-04T01:11:02.000Z";"2781";1077.5799560547;1156.1199951172;1070.1600341797;1151.1700439453;0;13903428350.5;12077650;"2013-12-04T23:59:59.999Z"
"2013-12-03T00:00:00.000Z";"2013-12-03T23:59:59.999Z";"2013-12-03T13:01:01.000Z";"2013-12-03T02:16:02.000Z";"2781";1046.4000244141;1096;1011.2100219727;1078.2800292969;0;13018451838;12073350;"2013-12-03T23:59:59.999Z"
"2013-12-02T00:00:00.000Z";"2013-12-02T23:59:59.999Z";"2013-12-02T16:31:01.000Z";"2013-12-02T16:26:02.000Z";"2781";951.4199829102;1055.4200439453;938.4099731445;1043.3299560547;0;12591271605.5;12068350;"2013-12-02T23:59:59.999Z"
"2013-12-01T00:00:00.000Z";"2013-12-01T23:59:59.999Z";"2013-12-01T12:26:02.000Z";"2013-12-01T06:41:01.000Z";"2781";1128.9200439453;1133.0799560547;801.8200073242;955.8499755859;0;11531708947.5;12064350;"2013-12-01T23:59:59.999Z"
"2013-11-30T00:00:00.000Z";"2013-11-30T23:59:59.999Z";"2013-11-30T04:21:01.000Z";"2013-11-30T15:26:02.000Z";"2781";1129.3699951172;1156.1400146484;1106.6099853516;1129.4300537109;0;13620389320.8;12059525;"2013-11-30T23:59:59.999Z"
"2013-11-29T00:00:00.000Z";"2013-11-29T23:59:59.999Z";"2013-11-29T22:06:01.000Z";"2013-11-29T00:31:01.000Z";"2781";1042.0100097656;1146.9699707031;1000.6400146484;1131.9699707031;0;13646039846.2;12055125;"2013-11-29T23:59:59.999Z"
"2013-11-28T00:00:00.000Z";"2013-11-28T23:59:59.999Z";"2013-11-28T02:31:02.000Z";"2013-11-28T02:21:02.000Z";"2781";1003.3800048828;1077.5600585938;962.1699829102;1031.9499511719;0;12435823060;12050800;"2013-11-28T23:59:59.999Z"
"2013-11-27T00:00:00.000Z";"2013-11-27T23:59:59.999Z";"2013-11-27T23:51:03.000Z";"2013-11-27T23:56:05.000Z";"2781";923.8499755859;1001.9600219727;891.6799926758;1001.9600219727;0;12069885699;12046275;"2013-11-27T23:59:59.999Z"
"2013-11-26T00:00:00.000Z";"2013-11-26T23:59:59.999Z";"2013-11-26T23:51:02.000Z";"2013-11-26T00:11:01.000Z";"2781";805.7299804688;928.5399780273;800.799987793;928.0999755859;0;11176110592.5;12041925;"2013-11-26T23:59:59.999Z"
"2013-11-25T00:00:00.000Z";"2013-11-25T23:59:59.999Z";"2013-11-25T23:06:02.000Z";"2013-11-25T22:01:02.000Z";"2781";773.0200195313;810.6799926758;754.4299926758;799.1099853516;0;9619646224.5;12037950;"2013-11-25T23:59:59.999Z"
"2013-11-24T00:00:00.000Z";"2013-11-24T23:59:59.999Z";"2013-11-24T17:46:02.000Z";"2013-11-24T03:31:02.000Z";"2781";795.6300048828;807.3599853516;722.8699951172;774.25;0;9317034156.25;12033625;"2013-11-24T23:59:59.999Z"
"2013-11-23T00:00:00.000Z";"2013-11-23T23:59:59.999Z";"2013-11-23T13:56:03.000Z";"2013-11-23T00:01:01.000Z";"2781";771.700012207;844.9699707031;771.700012207;797.8200073242;0;9597335799;12029450;"2013-11-23T23:59:59.999Z"
"2013-11-22T00:00:00.000Z";"2013-11-22T23:59:59.999Z";"2013-11-22T23:31:02.000Z";"2013-11-22T06:01:01.000Z";"2781";724.0700073242;780.8499755859;668.1300048828;771.4400024414;0;9276681716;12025150;"2013-11-22T23:59:59.999Z"
"2013-11-21T00:00:00.000Z";"2013-11-21T23:59:59.999Z";"2013-11-21T23:06:02.000Z";"2013-11-21T03:36:03.000Z";"2781";594.3200073242;733.4000244141;577.2899780273;722.4299926758;0;8684240726.25;12020875;"2013-11-21T23:59:59.999Z"
"2013-11-20T00:00:00.000Z";"2013-11-20T23:59:59.999Z";"2013-11-20T19:11:02.000Z";"2013-11-20T12:36:01.000Z";"2781";577.9799804688;599.6500244141;448.450012207;590.8300170898;0;7100077963.75;12017125;"2013-11-20T23:59:59.999Z"
"2013-11-19T00:00:00.000Z";"2013-11-19T23:59:59.999Z";"2013-11-19T01:11:02.000Z";"2013-11-19T12:41:01.000Z";"2781";712.7600097656;806.1099853516;456.3900146484;584.6099853516;0;7022949160.5;12013050;"2013-11-19T23:59:59.999Z"
"2013-11-18T00:00:00.000Z";"2013-11-18T23:59:59.999Z";"2013-11-18T23:51:02.000Z";"2013-11-18T00:26:12.000Z";"2781";496.5799865723;703.7800292969;494.9400024414;703.5599975586;0;8449069629;12009025;"2013-11-18T23:59:59.999Z"
"2013-11-17T00:00:00.000Z";"2013-11-17T23:59:59.999Z";"2013-11-17T23:01:01.000Z";"2013-11-17T00:06:01.000Z";"2781";440.9599914551;500.5799865723;440.2399902344;492.1099853516;0;5907842063.75;12005125;"2013-11-17T23:59:59.999Z"
"2013-11-16T00:00:00.000Z";"2013-11-16T23:59:59.999Z";"2013-11-16T12:26:02.000Z";"2013-11-16T00:06:02.000Z";"2781";417.2799987793;450.2600097656;415.5700073242;440.2200012207;0;5282849104.5;12000475;"2013-11-16T23:59:59.999Z"
"2013-11-15T00:00:00.000Z";"2013-11-15T23:59:59.999Z";"2013-11-15T13:36:02.000Z";"2013-11-15T22:11:01.000Z";"2781";419.4100036621;437.8900146484;396.1099853516;417.950012207;0;5013561020;11995600;"2013-11-15T23:59:59.999Z"
"2013-11-14T00:00:00.000Z";"2013-11-14T23:59:59.999Z";"2013-11-14T12:56:02.000Z";"2013-11-14T06:36:02.000Z";"2781";406.4100036621;425.8999938965;395.1900024414;420.200012207;0;5038817795;11991475;"2013-11-14T23:59:59.999Z"
"2013-11-13T00:00:00.000Z";"2013-11-13T23:59:59.999Z";"2013-11-13T20:56:01.000Z";"2013-11-13T04:46:01.000Z";"2781";360.9700012207;414.049987793;359.799987793;407.3699951172;0;4883103453;11986900;"2013-11-13T23:59:59.999Z"
"2013-11-12T00:00:00.000Z";"2013-11-12T23:59:59.999Z";"2013-11-12T11:01:02.000Z";"2013-11-12T00:31:01.000Z";"2781";343.0599975586;362.8099975586;342.799987793;360.3299865723;0;4317726291;11982700;"2013-11-12T23:59:59.999Z"
"2013-11-11T00:00:00.000Z";"2013-11-11T23:59:59.999Z";"2013-11-11T14:51:12.000Z";"2013-11-11T03:56:02.000Z";"2781";325.4100036621;351.2699890137;311.7799987793;342.4400024414;0;4101635027;11977675;"2013-11-11T23:59:59.999Z"
"2013-11-10T00:00:00.000Z";"2013-11-10T23:59:59.999Z";"2013-11-10T00:06:02.000Z";"2013-11-10T16:06:01.000Z";"2781";348.8200073242;350.700012207;277.2399902344;326.6199951172;0;3910613094.5;11972975;"2013-11-10T23:59:59.999Z"
"2013-11-09T00:00:00.000Z";"2013-11-09T23:59:59.999Z";"2013-11-09T16:56:01.000Z";"2013-11-09T05:51:01.000Z";"2781";338.5799865723;370.8200073242;319.7099914551;339.1099853516;0;4058705857;11968700;"2013-11-09T23:59:59.999Z"
"2013-11-08T00:00:00.000Z";"2013-11-08T23:59:59.999Z";"2013-11-08T23:36:02.000Z";"2013-11-08T00:16:02.000Z";"2781";297.8500061035;338.6600036621;296.9299926758;338.1099853516;0;4045494602.75;11965025;"2013-11-08T23:59:59.999Z"
"2013-11-07T00:00:00.000Z";"2013-11-07T23:59:59.999Z";"2013-11-07T16:36:03.000Z";"2013-11-07T00:06:02.000Z";"2781";261.6799926758;304.1700134277;261.549987793;296.4100036621;0;3545560086.75;11961675;"2013-11-07T23:59:59.999Z"
"2013-11-06T00:00:00.000Z";"2013-11-06T23:59:59.999Z";"2013-11-06T22:26:01.000Z";"2013-11-06T00:01:08.000Z";"2781";244.7799987793;263;244.7799987793;262.5;0;3138994687.5;11958075;"2013-11-06T23:59:59.999Z"
"2013-11-05T00:00:00.000Z";"2013-11-05T23:59:59.999Z";"2013-11-05T18:16:08.000Z";"2013-11-05T06:06:02.000Z";"2781";229.2100067139;250.6600036621;226.2200012207;245.2400054932;0;2931598960;11954000;"2013-11-05T23:59:59.999Z"
"2013-11-04T00:00:00.000Z";"2013-11-04T23:59:59.999Z";"2013-11-04T23:46:03.000Z";"2013-11-04T04:16:03.000Z";"2781";214.6600036621;231.0099945068;213.9400024414;229.1000061035;0;2737659087.5;11949625;"2013-11-04T23:59:59.999Z"
"2013-11-03T00:00:00.000Z";"2013-11-03T23:59:59.999Z";"2013-11-03T23:56:02.000Z";"2013-11-03T11:06:05.000Z";"2781";205.9900054932;215.0500030518;203.9900054932;215.0500030518;0;2568713111.25;11944725;"2013-11-03T23:59:59.999Z"
"2013-11-02T00:00:00.000Z";"2013-11-02T23:59:59.999Z";"2013-11-02T00:06:02.000Z";"2013-11-02T01:01:02.000Z";"2781";205.8099975586;207.7599945068;201.6499938965;206.2200012207;0;2462261644.5;11939975;"2013-11-02T23:59:59.999Z"
"2013-11-01T00:00:00.000Z";"2013-11-01T23:59:59.999Z";"2013-11-01T17:01:03.000Z";"2013-11-01T04:26:03.000Z";"2781";203.8999938965;206.6499938965;202.1300048828;206.1799926758;0;2460742836.5;11934925;"2013-11-01T23:59:59.999Z"
"2013-10-31T00:00:00.000Z";"2013-10-31T23:59:59.999Z";"2013-10-31T19:51:02.000Z";"2013-10-31T08:21:02.000Z";"2781";199.8300018311;205.1799926758;198.8500061035;204;0;2433658800;11929700;"2013-10-31T23:59:59.999Z"
"2013-10-30T00:00:00.000Z";"2013-10-30T23:59:59.999Z";"2013-10-30T16:26:03.000Z";"2013-10-30T22:41:09.000Z";"2781";204.3899993896;209.1600036621;199.9700012207;199.9700012207;0;2384492272.5;11924249.927209422;"2013-10-30T23:59:59.999Z"
"2013-10-29T00:00:00.000Z";"2013-10-29T23:59:59.999Z";"2013-10-29T15:26:01.000Z";"2013-10-29T00:01:01.000Z";"2781";198.5500030518;204.7899932861;198.5500030518;204.3899993896;0;2436241934.25;11919575;"2013-10-29T23:59:59.999Z"
"2013-10-28T00:00:00.000Z";"2013-10-28T23:59:59.999Z";"2013-10-28T10:11:03.000Z";"2013-10-28T01:21:01.000Z";"2781";196.2100067139;198.6199951172;192.0599975586;198.5500030518;0;2365837416.25;11915575;"2013-10-28T23:59:59.999Z"
"2013-10-27T00:00:00.000Z";"2013-10-27T23:59:59.999Z";"2013-10-27T23:56:03.000Z";"2013-10-27T00:01:01.000Z";"2781";176.6000061035;196.4400024414;176.6000061035;196.4400024414;0;2339831217;11911175;"2013-10-27T23:59:59.999Z"
"2013-10-26T00:00:00.000Z";"2013-10-26T23:59:59.999Z";"2013-10-26T00:26:02.000Z";"2013-10-26T20:46:09.000Z";"2781";187.4499969482;188.4100036621;175.75;177.3200073242;0;2111296044;11906700;"2013-10-26T23:59:59.999Z"
"2013-10-25T00:00:00.000Z";"2013-10-25T23:59:59.999Z";"2013-10-25T01:26:11.000Z";"2013-10-25T15:01:01.000Z";"2781";197.6900024414;198.8699951172;168.5;186.6900024414;0;2222012383.5;11902150;"2013-10-25T23:59:59.999Z"
"2013-10-24T00:00:00.000Z";"2013-10-24T23:59:59.999Z";"2013-10-24T02:31:03.000Z";"2013-10-24T08:01:02.000Z";"2781";214.3000030518;217.4199981689;168.5200042725;198.2299957275;0;2358198593.25;11896275;"2013-10-24T23:59:59.999Z"
"2013-10-23T00:00:00.000Z";"2013-10-23T23:59:59.999Z";"2013-10-23T23:56:13.000Z";"2013-10-23T02:16:02.000Z";"2781";193.3600006104;213.6199951172;192.3800048828;213.6199951172;0;2540139398.5;11890925;"2013-10-23T23:59:59.999Z"
"2013-10-22T00:00:00.000Z";"2013-10-22T23:59:59.999Z";"2013-10-22T12:01:02.000Z";"2013-10-22T00:01:02.000Z";"2781";182.6499938965;196.2700042725;182.6499938965;193.7599945068;0;2302910260;11885375;"2013-10-22T23:59:59.999Z"
"2013-10-21T00:00:00.000Z";"2013-10-21T23:59:59.999Z";"2013-10-21T12:01:02.000Z";"2013-10-21T00:01:02.000Z";"2781";174.8000030518;184.8200073242;174.8000030518;182.2100067139;0;2164518142.5;11879250;"2013-10-21T23:59:59.999Z"
"2013-10-20T00:00:00.000Z";"2013-10-20T23:59:59.999Z";"2013-10-20T15:21:03.000Z";"2013-10-20T03:41:02.000Z";"2781";171.6600036621;174.9100036621;168.9499969482;174.6100006104;0;2073319140;11874000;"2013-10-20T23:59:59.999Z"
"2013-10-19T00:00:00.000Z";"2013-10-19T23:59:59.999Z";"2013-10-19T10:36:05.000Z";"2013-10-19T00:06:03.000Z";"2781";155.9100036621;177.4799957275;155.6999969482;172.4199981689;0;2046457290.5;11869025;"2013-10-19T23:59:59.999Z"
"2013-10-18T00:00:00.000Z";"2013-10-18T23:59:59.999Z";"2013-10-18T23:51:02.000Z";"2013-10-18T09:46:01.000Z";"2781";146.3699951172;155.9600067139;145.5700073242;155.9600067139;0;1850219763;11863425;"2013-10-18T23:59:59.999Z"
"2013-10-17T00:00:00.000Z";"2013-10-17T23:59:59.999Z";"2013-10-17T15:16:09.000Z";"2013-10-17T00:01:03.000Z";"2781";142.4100036621;147.4199981689;142.4100036621;146.25;0;1734327562.5;11858650;"2013-10-17T23:59:59.999Z"
"2013-10-16T00:00:00.000Z";"2013-10-16T23:59:59.999Z";"2013-10-16T07:06:02.000Z";"2013-10-16T16:46:02.000Z";"2781";145.6499938965;152.2299957275;142.4299926758;142.5500030518;0;1689851847.5;11854450;"2013-10-16T23:59:59.999Z"
"2013-10-15T00:00:00.000Z";"2013-10-15T23:59:59.999Z";"2013-10-15T23:06:04.000Z";"2013-10-15T13:26:01.000Z";"2781";140.7700042725;145.3899993896;139.1300048828;145.2400054932;0;1720981439;11849225;"2013-10-15T23:59:59.999Z"
"2013-10-14T00:00:00.000Z";"2013-10-14T23:59:59.999Z";"2013-10-14T10:26:01.000Z";"2013-10-14T00:16:01.000Z";"2781";139.2700042725;144.1199951172;138.8999938965;140.5200042725;0;1664129178;11842650;"2013-10-14T23:59:59.999Z"
"2013-10-13T00:00:00.000Z";"2013-10-13T23:59:59.999Z";"2013-10-13T22:46:01.000Z";"2013-10-13T07:31:09.000Z";"2781";135.1900024414;138.6600036621;134.5500030518;138.1300048828;0;1634968838.5;11836450;"2013-10-13T23:59:59.999Z"
"2013-10-12T00:00:00.000Z";"2013-10-12T23:59:59.999Z";"2013-10-12T17:26:05.000Z";"2013-10-12T00:06:02.000Z";"2781";130.8999938965;135.6600036621;130.5599975586;135.1900024414;0;1599426130.5;11830950;"2013-10-12T23:59:59.999Z"
"2013-10-11T00:00:00.000Z";"2013-10-11T23:59:59.999Z";"2013-10-11T10:11:02.000Z";"2013-10-11T14:06:01.000Z";"2781";130.75;131.8099975586;129.6399993896;130.8999938965;0;1547971040;11825600;"2013-10-11T23:59:59.999Z"
"2013-10-10T00:00:00.000Z";"2013-10-10T23:59:59.999Z";"2013-10-10T03:56:01.000Z";"2013-10-10T16:46:05.000Z";"2781";130.6699981689;131.5;129.2599945068;130.5899963379;0;1543701125.25;11820975;"2013-10-10T23:59:59.999Z"
"2013-10-09T00:00:00.000Z";"2013-10-09T23:59:59.999Z";"2013-10-09T20:06:02.000Z";"2013-10-09T00:11:02.000Z";"2781";125.8499984741;131.75;125.5800018311;130.6900024414;0;1544249376.25;11816125;"2013-10-09T23:59:59.999Z"
"2013-10-08T00:00:00.000Z";"2013-10-08T23:59:59.999Z";"2013-10-08T00:16:01.000Z";"2013-10-08T15:36:01.000Z";"2781";126.7399978638;127.4700012207;124.7099990845;126;0;1488277350;11811725;"2013-10-08T23:59:59.999Z"
"2013-10-07T00:00:00.000Z";"2013-10-07T23:59:59.999Z";"2013-10-07T06:31:01.000Z";"2013-10-07T22:21:02.000Z";"2781";129.4299926758;130.2700042725;126.3600006104;126.9400024414;0;1498859917.5;11807625;"2013-10-07T23:59:59.999Z"
"2013-10-06T00:00:00.000Z";"2013-10-06T23:59:59.999Z";"2013-10-06T08:26:02.000Z";"2013-10-06T11:36:08.000Z";"2781";128.3600006104;129.6600036621;126.1500015259;129;0;1522686975;11803775;"2013-10-06T23:59:59.999Z"
"2013-10-05T00:00:00.000Z";"2013-10-05T23:59:59.999Z";"2013-10-05T10:31:12.000Z";"2013-10-05T09:36:01.000Z";"2781";128.6300048828;130.4400024414;128.0299987793;128.5500030518;0;1516777518.75;11799125;"2013-10-05T23:59:59.999Z"
"2013-10-04T00:00:00.000Z";"2013-10-04T23:59:59.999Z";"2013-10-04T20:56:02.000Z";"2013-10-04T00:01:03.000Z";"2781";123.4100036621;130.0899963379;123.4100036621;129.0099945068;0;1521498786.5;11793650;"2013-10-04T23:59:59.999Z"
"2013-10-03T00:00:00.000Z";"2013-10-03T23:59:59.999Z";"2013-10-03T23:56:03.000Z";"2013-10-03T14:21:02.000Z";"2781";114.4499969482;123.6299972534;111.8199996948;123.6299972534;0;1457492614.5;11789150;"2013-10-03T23:59:59.999Z"
"2013-10-02T00:00:00.000Z";"2013-10-02T23:59:59.999Z";"2013-10-02T12:41:01.000Z";"2013-10-02T18:01:09.000Z";"2781";132.0500030518;133.5899963379;102.25;114.1299972534;0;1344930746;11784200;"2013-10-02T23:59:59.999Z"
"2013-10-01T00:00:00.000Z";"2013-10-01T23:59:59.999Z";"2013-10-01T11:16:01.000Z";"2013-10-01T18:56:02.000Z";"2781";132.6799926758;134.6300048828;131.5500030518;132.1799926758;0;1557001092;11779400;"2013-10-01T23:59:59.999Z"
"2013-09-30T00:00:00.000Z";"2013-09-30T23:59:59.999Z";"2013-09-30T00:16:02.000Z";"2013-09-30T18:06:02.000Z";"2781";137.1499938965;138.3500061035;130.2700042725;133;0;1566038425;11774725;"2013-09-30T23:59:59.999Z"
"2013-09-29T00:00:00.000Z";"2013-09-29T23:59:59.999Z";"2013-09-29T13:36:01.000Z";"2013-09-29T02:01:01.000Z";"2781";134.8999938965;140.6100006104;134.7100067139;137.3399963379;0;1616584504.5;11770675;"2013-09-29T23:59:59.999Z"
"2013-09-28T00:00:00.000Z";"2013-09-28T23:59:59.999Z";"2013-09-28T23:31:01.000Z";"2013-09-28T11:36:01.000Z";"2781";133.7700042725;135.6300048828;132.5599975586;134.7799987793;0;1585878761.5;11766425;"2013-09-28T23:59:59.999Z"
"2013-09-27T00:00:00.000Z";"2013-09-27T23:59:59.999Z";"2013-09-27T23:41:02.000Z";"2013-09-27T00:51:01.000Z";"2781";128.9400024414;134.7400054932;128.4900054932;133.7799987793;0;1573520360;11762000;"2013-09-27T23:59:59.999Z"
"2013-09-26T00:00:00.000Z";"2013-09-26T23:59:59.999Z";"2013-09-26T13:46:02.000Z";"2013-09-26T23:01:02.000Z";"2781";128.2100067139;134.9340057373;127.3199996948;128.3800048828;0;1509434269;11757550;"2013-09-26T23:59:59.999Z"
"2013-09-25T00:00:00.000Z";"2013-09-25T23:59:59.999Z";"2013-09-25T12:01:01.000Z";"2013-09-25T00:06:01.000Z";"2781";127.3799972534;129.6900024414;127.3300018311;128.2200012207;0;1507033770;11753500;"2013-09-25T23:59:59.999Z"
"2013-09-24T00:00:00.000Z";"2013-09-24T23:59:59.999Z";"2013-09-24T21:41:02.000Z";"2013-09-24T14:36:01.000Z";"2781";126.0500030518;127.4599990845;125.3899993896;127.25;0;1494974356.25;11748325;"2013-09-24T23:59:59.999Z"
"2013-09-23T00:00:00.000Z";"2013-09-23T23:59:59.999Z";"2013-09-23T14:26:01.000Z";"2013-09-23T18:21:01.000Z";"2781";128.9799957275;132.7250061035;125.6600036621;125.9499969482;0;1479037147.5;11743050;"2013-09-23T23:59:59.999Z"
"2013-09-22T00:00:00.000Z";"2013-09-22T23:59:59.999Z";"2013-09-22T11:31:04.000Z";"2013-09-22T03:01:01.000Z";"2781";127.8700027466;133.9400024414;126.5899963379;129.1199951172;0;1515584736;11737800;"2013-09-22T23:59:59.999Z"
"2013-09-21T00:00:00.000Z";"2013-09-21T23:59:59.999Z";"2013-09-21T08:51:01.000Z";"2013-09-21T14:31:01.000Z";"2781";126.9499969482;128.6100006104;126.2399978638;127.4300003052;0;1495101146.75;11732725;"2013-09-21T23:59:59.999Z"
"2013-09-20T00:00:00.000Z";"2013-09-20T23:59:59.999Z";"2013-09-20T08:06:22.000Z";"2013-09-20T23:31:01.000Z";"2781";129.6999969482;135.6199951172;126.6800003052;127.0400009155;0;1489921944;11727975;"2013-09-20T23:59:59.999Z"
"2013-09-19T00:00:00.000Z";"2013-09-19T23:59:59.999Z";"2013-09-19T02:06:02.000Z";"2013-09-19T17:31:01.000Z";"2781";131.3699951172;131.7700042725;128.4499969482;129.6499938965;0;1519883708.75;11722975;"2013-09-19T23:59:59.999Z"
"2013-09-18T00:00:00.000Z";"2013-09-18T23:59:59.999Z";"2013-09-18T12:36:02.000Z";"2013-09-18T05:21:02.000Z";"2781";131.7100067139;133.1999969482;130.5399932861;131.4700012207;0;1540598327.5;11718250;"2013-09-18T23:59:59.999Z"
"2013-09-17T00:00:00.000Z";"2013-09-17T23:59:59.999Z";"2013-09-17T22:26:01.000Z";"2013-09-17T05:56:01.000Z";"2781";131.5899963379;132.7599945068;124.8899993896;131.6600036621;0;1542278406;11714100;"2013-09-17T23:59:59.999Z"
"2013-09-16T00:00:00.000Z";"2013-09-16T23:59:59.999Z";"2013-09-16T09:46:01.000Z";"2013-09-16T04:56:02.000Z";"2781";130.8600006104;132.7200012207;129.7700042725;131.7200012207;0;1542395098;11709650;"2013-09-16T23:59:59.999Z"
"2013-09-15T00:00:00.000Z";"2013-09-15T23:59:59.999Z";"2013-09-15T11:46:01.000Z";"2013-09-15T06:21:01.000Z";"2781";129.3999938965;131.4400024414;128.2599945068;130.3699951172;0;1526085146;11705800;"2013-09-15T23:59:59.999Z"
"2013-09-14T00:00:00.000Z";"2013-09-14T23:59:59.999Z";"2013-09-14T02:36:01.000Z";"2013-09-14T22:26:01.000Z";"2781";135.0099945068;135.8500061035;128.8699951172;129.2200012207;0;1512038755.5;11701275;"2013-09-14T23:59:59.999Z"
"2013-09-13T00:00:00.000Z";"2013-09-13T23:59:59.999Z";"2013-09-13T03:51:02.000Z";"2013-09-13T01:21:01.000Z";"2781";132.8300018311;137.5800018311;132.2700042725;134.9799957275;0;1578699084;11695800;"2013-09-13T23:59:59.999Z"
"2013-09-12T00:00:00.000Z";"2013-09-12T23:59:59.999Z";"2013-09-12T00:06:02.000Z";"2013-09-12T10:41:02.000Z";"2781";135.5500030518;136.0800018311;131.8099975586;133.1300048828;0;1556386219.25;11690725;"2013-09-12T23:59:59.999Z"
"2013-09-11T00:00:00.000Z";"2013-09-11T23:59:59.999Z";"2013-09-11T22:41:01.000Z";"2013-09-11T05:41:02.000Z";"2781";125.8899993896;137.8300018311;123.2699966431;135.25;0;1580450350;11685400;"2013-09-11T23:59:59.999Z"
"2013-09-10T00:00:00.000Z";"2013-09-10T23:59:59.999Z";"2013-09-10T09:06:02.000Z";"2013-09-10T23:51:01.000Z";"2781";127.2699966431;129.7400054932;125.9000015259;125.9100036621;0;1470679164;11680400;"2013-09-10T23:59:59.999Z"
"2013-09-09T00:00:00.000Z";"2013-09-09T23:59:59.999Z";"2013-09-09T15:16:03.000Z";"2013-09-09T11:16:02.000Z";"2781";121.8600006104;129.0599975586;119.75;127.1100006104;0;1484085516;11675600;"2013-09-09T23:59:59.999Z"
"2013-09-08T00:00:00.000Z";"2013-09-08T23:59:59.999Z";"2013-09-08T03:11:02.000Z";"2013-09-08T22:36:02.000Z";"2781";124.1299972534;124.7200012207;120.4899978638;121.6600036621;0;1419836071.5;11670525;"2013-09-08T23:59:59.999Z"
"2013-09-07T00:00:00.000Z";"2013-09-07T23:59:59.999Z";"2013-09-07T17:46:01.000Z";"2013-09-07T00:41:01.000Z";"2781";118.8899993896;125.9400024414;118.4599990845;124.1500015259;0;1448411493.75;11666625;"2013-09-07T23:59:59.999Z"
"2013-09-06T00:00:00.000Z";"2013-09-06T23:59:59.999Z";"2013-09-06T03:06:01.000Z";"2013-09-06T23:56:02.000Z";"2781";126.4899978638;127.3399963379;119.1500015259;119.1500015259;0;1389646450;11663000;"2013-09-06T23:59:59.999Z"
"2013-09-05T00:00:00.000Z";"2013-09-05T23:59:59.999Z";"2013-09-05T15:41:01.000Z";"2013-09-05T02:01:02.000Z";"2781";126.7600021362;131.4400024414;121.8300018311;126.4300003052;0;1473965190.5;11658350;"2013-09-05T23:59:59.999Z"
"2013-09-04T00:00:00.000Z";"2013-09-04T23:59:59.999Z";"2013-09-04T13:51:22.000Z";"2013-09-04T21:26:02.000Z";"2781";136.5299987793;144.5;123.6100006104;126.7399978638;0;1477012117.5;11653875;"2013-09-04T23:59:59.999Z"
"2013-09-03T00:00:00.000Z";"2013-09-03T23:59:59.999Z";"2013-09-03T12:26:02.000Z";"2013-09-03T11:51:02.000Z";"2781";135.6100006104;138.3399963379;133;136.7700042725;0;1593346565.25;11649825;"2013-09-03T23:59:59.999Z"
"2013-09-02T00:00:00.000Z";"2013-09-02T23:59:59.999Z";"2013-09-02T11:36:02.000Z";"2013-09-02T08:41:02.000Z";"2781";138.6300048828;146.5;134.8899993896;135.8500061035;0;1581969853.75;11644975;"2013-09-02T23:59:59.999Z"
"2013-09-01T00:00:00.000Z";"2013-09-01T23:59:59.999Z";"2013-09-01T18:31:22.000Z";"2013-09-01T03:56:01.000Z";"2781";135.1399993896;145.8099975586;134.8099975586;138.3399963379;0;1610215347;11639550;"2013-09-01T23:59:59.999Z"
"2013-08-31T00:00:00.000Z";"2013-08-31T23:59:59.999Z";"2013-08-31T21:11:02.000Z";"2013-08-31T07:46:02.000Z";"2781";133.0899963379;140.8899993896;132.7200012207;135.3500061035;0;1574672051.25;11634075;"2013-08-31T23:59:59.999Z"
"2013-08-30T00:00:00.000Z";"2013-08-30T23:59:59.999Z";"2013-08-30T15:46:02.000Z";"2013-08-30T12:36:02.000Z";"2781";122.3499984741;135.75;120.9899978638;133.4900054932;0;1552288465;11628500;"2013-08-30T23:59:59.999Z"
"2013-08-29T00:00:00.000Z";"2013-08-29T23:59:59.999Z";"2013-08-29T00:56:02.000Z";"2013-08-29T10:26:02.000Z";"2781";122.6200027466;123.6999969482;122.2099990845;122.3899993896;0;1422584866.25;11623375;"2013-08-29T23:59:59.999Z"
"2013-08-28T00:00:00.000Z";"2013-08-28T23:59:59.999Z";"2013-08-28T04:16:02.000Z";"2013-08-28T23:56:02.000Z";"2781";126.4800033569;127.3199996948;122.6200027466;122.6200027466;0;1424675797.5;11618625;"2013-08-28T23:59:59.999Z"
"2013-08-27T00:00:00.000Z";"2013-08-27T23:59:59.999Z";"2013-08-27T05:46:05.000Z";"2013-08-27T00:01:02.000Z";"2781";120.0699996948;127.2399978638;120.0699996948;126.5;0;1469193137.5;11614175;"2013-08-27T23:59:59.999Z"
"2013-08-26T00:00:00.000Z";"2013-08-26T23:59:59.999Z";"2013-08-26T00:06:02.000Z";"2013-08-26T18:11:02.000Z";"2781";122.111000061;122.7549972534;119.9300003052;120.0559997559;0;1393847158.6;11609975;"2013-08-26T23:59:59.999Z"
"2013-08-25T00:00:00.000Z";"2013-08-25T23:59:59.999Z";"2013-08-25T23:21:02.000Z";"2013-08-25T03:01:02.000Z";"2781";119.6029968262;122.9869995117;119.1699981689;122.111000061;0;1417198896.58;11605825;"2013-08-25T23:59:59.999Z"
"2013-08-24T00:00:00.000Z";"2013-08-24T23:59:59.999Z";"2013-08-24T21:06:02.000Z";"2013-08-24T10:41:01.000Z";"2781";118.5100021362;121.3899993896;118.0199966431;120.0449981689;0;1392768092.25;11602050;"2013-08-24T23:59:59.999Z"
"2013-08-23T00:00:00.000Z";"2013-08-23T23:59:59.999Z";"2013-08-23T00:06:01.000Z";"2013-08-23T23:11:02.000Z";"2781";122;122;118.4440002441;118.5009994507;0;1374309422.45;11597450;"2013-08-23T23:59:59.999Z"
"2013-08-22T00:00:00.000Z";"2013-08-22T23:59:59.999Z";"2013-08-22T19:26:01.000Z";"2013-08-22T01:41:02.000Z";"2781";123.3000030518;123.5;120.5999984741;121.1500015259;0;1404437432.5;11592550;"2013-08-22T23:59:59.999Z"
"2013-08-21T00:00:00.000Z";"2013-08-21T23:59:59.999Z";"2013-08-21T02:51:01.000Z";"2013-08-21T05:46:02.000Z";"2781";121.2099990845;124.9140014648;119.6819992065;123.3000030518;0;1428698677.5;11587175;"2013-08-21T23:59:59.999Z"
"2013-08-20T00:00:00.000Z";"2013-08-20T23:59:59.999Z";"2013-08-20T05:56:01.000Z";"2013-08-20T01:26:01.000Z";"2781";119;123.0110015869;117.5080032349;121.2050018311;0;1403829641.38;11582275;"2013-08-20T23:59:59.999Z"
"2013-08-19T00:00:00.000Z";"2013-08-19T23:59:59.999Z";"2013-08-19T07:56:01.000Z";"2013-08-19T02:01:01.000Z";"2781";113.3799972534;123.06199646;111.7710037231;119;0;1377725475;11577525;"2013-08-19T23:59:59.999Z"
"2013-08-18T00:00:00.000Z";"2013-08-18T23:59:59.999Z";"2013-08-18T14:51:02.000Z";"2013-08-18T05:36:01.000Z";"2781";112.75;114.68800354;112;113.5;0;1313544012.5;11573075;"2013-08-18T23:59:59.999Z"
"2013-08-17T00:00:00.000Z";"2013-08-17T23:59:59.999Z";"2013-08-17T22:56:01.000Z";"2013-08-17T03:51:01.000Z";"2781";108.9940032959;113.75;108.2249984741;113.5;0;1312996375;11568250;"2013-08-17T23:59:59.999Z"
"2013-08-16T00:00:00.000Z";"2013-08-16T23:59:59.999Z";"2013-08-16T06:51:02.000Z";"2013-08-16T23:51:01.000Z";"2781";109.9950027466;112.3000030518;108.516998291;108.9940032959;0;1260352119;11563500;"2013-08-16T23:59:59.999Z"
"2013-08-15T00:00:00.000Z";"2013-08-15T23:59:59.999Z";"2013-08-15T03:21:01.000Z";"2013-08-15T14:06:02.000Z";"2781";112.56199646;113.2450027466;109;109.9899978638;0;1271404657.25;11559275;"2013-08-15T23:59:59.999Z"
"2013-08-14T00:00:00.000Z";"2013-08-14T23:59:59.999Z";"2013-08-14T17:56:02.000Z";"2013-08-14T02:31:02.000Z";"2781";109.5550003052;114.9950027466;108.0009994507;112.56199646;0;1300656724.05;11555025;"2013-08-14T23:59:59.999Z"
"2013-08-13T00:00:00.000Z";"2013-08-13T23:59:59.999Z";"2013-08-13T23:51:02.000Z";"2013-08-13T13:06:02.000Z";"2781";106.9899978638;109.3499984741;104.6500015259;109;0;1259042650;11550850;"2013-08-13T23:59:59.999Z"
"2013-08-12T00:00:00.000Z";"2013-08-12T23:59:59.999Z";"2013-08-12T21:41:02.000Z";"2013-08-12T07:11:01.000Z";"2781";105;108;103.5;106.6360015869;0;1231248580.9;11546275;"2013-08-12T23:59:59.999Z"
"2013-08-11T00:00:00.000Z";"2013-08-11T23:59:59.999Z";"2013-08-11T20:31:01.000Z";"2013-08-11T05:16:01.000Z";"2781";103;105.1900024414;102.7549972534;105;0;1211789250;11540850;"2013-08-11T23:59:59.999Z"
"2013-08-10T00:00:00.000Z";"2013-08-10T23:59:59.999Z";"2013-08-10T04:36:02.000Z";"2013-08-10T03:26:01.000Z";"2781";102.8000030518;103.9000015259;102.4100036621;103;0;1188153925;11535475;"2013-08-10T23:59:59.999Z"
"2013-08-09T00:00:00.000Z";"2013-08-09T23:59:59.999Z";"2013-08-09T01:01:02.000Z";"2013-08-09T21:16:00.000Z";"2781";103.0699996948;105.75;101.9349975586;102.8000030518;0;1185307130;11530225;"2013-08-09T23:59:59.999Z"
"2013-08-08T00:00:00.000Z";"2013-08-08T23:59:59.999Z";"2013-08-08T00:01:00.000Z";"2013-08-08T17:01:02.000Z";"2781";106.75;106.75;101.2600021362;103;0;1187105900;11525300;"2013-08-08T23:59:59.999Z"
"2013-08-07T00:00:00.000Z";"2013-08-07T23:59:59.999Z";"2013-08-07T00:01:00.000Z";"2013-08-07T00:01:00.000Z";"2781";106.75;106.75;106.75;106.75;0;1229098150;11513800;"2013-08-07T23:59:59.999Z"
"2013-08-06T00:00:00.000Z";"2013-08-06T23:59:59.999Z";"2013-08-06T15:11:02.000Z";"2013-08-06T05:06:02.000Z";"2781";106.7200012207;107.3820037842;105.5569992065;106.75;0;1229098150;11513800;"2013-08-06T23:59:59.999Z"
"2013-08-05T00:00:00.000Z";"2013-08-05T23:59:59.999Z";"2013-08-05T14:01:01.000Z";"2013-08-05T00:11:02.000Z";"2781";105.1200027466;107.7699966431;105;106.2200012207;0;1222677176;11510800;"2013-08-05T23:59:59.999Z"
"2013-08-04T00:00:00.000Z";"2013-08-04T23:59:59.999Z";"2013-08-04T23:41:01.000Z";"2013-08-04T08:01:02.000Z";"2781";104.9499969482;105.9499969482;103.5230026245;105.1439971924;0;1209797378.4;11506100;"2013-08-04T23:59:59.999Z"
"2013-08-03T00:00:00.000Z";"2013-08-03T23:59:59.999Z";"2013-08-03T20:26:02.000Z";"2013-08-03T13:01:01.000Z";"2781";104.5009994507;105.7799987793;102.0019989014;104.0049972534;0;1196226508.12;11501625;"2013-08-03T23:59:59.999Z"
"2013-08-02T00:00:00.000Z";"2013-08-02T23:59:59.999Z";"2013-08-02T10:16:01.000Z";"2013-08-02T02:36:02.000Z";"2781";104.8560028076;108;101.2109985352;104.5009994507;0;1201487184.88;11497375;"2013-08-02T23:59:59.999Z"
"2013-08-01T00:00:00.000Z";"2013-08-01T23:59:59.999Z";"2013-08-01T11:01:01.000Z";"2013-08-01T19:56:01.000Z";"2781";106.2129974365;108;103.0110015869;104;0;1195225200;11492550;"2013-08-01T23:59:59.999Z"
"2013-07-31T00:00:00.000Z";"2013-07-31T23:59:59.999Z";"2013-07-31T04:51:01.000Z";"2013-07-31T16:06:02.000Z";"2781";107.9499969482;111.34400177;103.8799972534;106.0899963379;0;1218777833.5;11488150;"2013-07-31T23:59:59.999Z"
"2013-07-30T00:00:00.000Z";"2013-07-30T23:59:59.999Z";"2013-07-30T23:56:01.000Z";"2013-07-30T01:36:02.000Z";"2781";101.4889984131;107.9899978638;100.4700012207;107.9899978638;0;1240092366;11483400;"2013-07-30T23:59:59.999Z"
"2013-07-29T00:00:00.000Z";"2013-07-29T23:59:59.999Z";"2013-07-29T05:21:01.000Z";"2013-07-29T01:06:02.000Z";"2781";98.5999984741;102.5;98.4550018311;101.1999969482;0;1161619140;11478450;"2013-07-29T23:59:59.999Z"
"2013-07-28T00:00:00.000Z";"2013-07-28T23:59:59.999Z";"2013-07-28T21:41:02.000Z";"2013-07-28T23:06:01.000Z";"2781";94.4000015259;100.577003479;94;99.7559967041;0;1144602837.9;11474025;"2013-07-28T23:59:59.999Z"
"2013-07-27T00:00:00.000Z";"2013-07-27T23:59:59.999Z";"2013-07-27T00:16:02.000Z";"2013-07-27T06:51:01.000Z";"2781";96.0201034546;96.9950027466;93;94.1159973145;0;1079491696.8;11469800;"2013-07-27T23:59:59.999Z"
"2013-07-26T00:00:00.000Z";"2013-07-26T23:59:59.999Z";"2013-07-26T00:16:02.000Z";"2013-07-26T06:06:02.000Z";"2781";96.9499969482;97.4691009521;96;96.0202026367;0;1100902799.57;11465325;"2013-07-26T23:59:59.999Z"
"2013-07-25T00:00:00.000Z";"2013-07-25T23:59:59.999Z";"2013-07-25T12:11:02.000Z";"2013-07-25T06:11:02.000Z";"2781";94.5049972534;97.3300018311;93.8656997681;96.9000015259;0;1110587857.5;11461175;"2013-07-25T23:59:59.999Z"
"2013-07-24T00:00:00.000Z";"2013-07-24T23:59:59.999Z";"2013-07-24T19:36:01.000Z";"2013-07-24T08:06:13.000Z";"2781";95.5585021973;95.9899978638;93;94.5100021362;0;1082848325;11457500;"2013-07-24T23:59:59.999Z"
"2013-07-23T00:00:00.000Z";"2013-07-23T23:59:59.999Z";"2013-07-23T14:16:02.000Z";"2013-07-23T00:01:01.000Z";"2781";91.5999984741;96.8192977905;91.5999984741;95.5585021973;0;1094484057.67;11453550;"2013-07-23T23:59:59.999Z"
"2013-07-22T00:00:00.000Z";"2013-07-22T23:59:59.999Z";"2013-07-22T00:01:01.000Z";"2013-07-22T14:56:01.000Z";"2781";91.9980010986;91.9980010986;90.0754013062;91.6100006104;0;1048939080.5;11450050;"2013-07-22T23:59:59.999Z"
"2013-07-21T00:00:00.000Z";"2013-07-21T23:59:59.999Z";"2013-07-21T23:31:02.000Z";"2013-07-21T15:31:02.000Z";"2781";89.8214035034;91.9499969482;88;90.7573013306;0;1038798980.07;11445900;"2013-07-21T23:59:59.999Z"
"2013-07-20T00:00:00.000Z";"2013-07-20T23:59:59.999Z";"2013-07-20T09:31:01.000Z";"2013-07-20T23:41:01.000Z";"2781";92;93.0999984741;89.2711029053;89.3900985718;0;1022707664.6;11440950;"2013-07-20T23:59:59.999Z"
"2013-07-19T00:00:00.000Z";"2013-07-19T23:59:59.999Z";"2013-07-19T19:01:01.000Z";"2013-07-19T02:01:02.000Z";"2781";90.068901062;95.2001037598;87.8000030518;92.1699981689;0;1054083771;11436300;"2013-07-19T23:59:59.999Z"
"2013-07-18T00:00:00.000Z";"2013-07-18T23:59:59.999Z";"2013-07-18T00:36:02.000Z";"2013-07-18T12:21:02.000Z";"2781";98.5;98.8000030518;86.1999969482;90.5800018311;0;1035512824.5;11432025;"2013-07-18T23:59:59.999Z"
"2013-07-17T00:00:00.000Z";"2013-07-17T23:59:59.999Z";"2013-07-17T08:26:02.000Z";"2013-07-17T00:11:02.000Z";"2781";96.7099990845;99.9700012207;96.1800003052;98.5;0;1125658000;11428000;"2013-07-17T23:59:59.999Z"
"2013-07-16T00:00:00.000Z";"2013-07-16T23:59:59.999Z";"2013-07-16T08:31:01.000Z";"2013-07-16T03:41:01.000Z";"2781";98.890296936;99.8622970581;96.1416015625;97.4507980347;0;1113217032.45;11423375;"2013-07-16T23:59:59.999Z"
"2013-07-15T00:00:00.000Z";"2013-07-15T23:59:59.999Z";"2013-07-15T13:41:01.000Z";"2013-07-15T13:21:01.000Z";"2781";93.6050033569;101.9000015259;93.1100006104;98.4001998901;0;1123658943.86;11419275;"2013-07-15T23:59:59.999Z"
"2013-07-14T00:00:00.000Z";"2013-07-14T23:59:59.999Z";"2013-07-14T00:01:01.000Z";"2013-07-14T23:16:01.000Z";"2781";98.6999969482;98.6999969482;92.8600006104;94.6912994385;0;1080917760.48;11415175;"2013-07-14T23:59:59.999Z"
"2013-07-13T00:00:00.000Z";"2013-07-13T23:59:59.999Z";"2013-07-13T23:51:01.000Z";"2013-07-13T03:01:02.000Z";"2781";93.9898986816;98.25;88.0622024536;98.1339035034;0;1119796119.51;11410900;"2013-07-13T23:59:59.999Z"
"2013-07-12T00:00:00.000Z";"2013-07-12T23:59:59.999Z";"2013-07-12T10:56:02.000Z";"2013-07-12T09:01:02.000Z";"2781";88.9789962769;104;88.1660003662;93.5949020386;0;1067634684.43;11406975;"2013-07-12T23:59:59.999Z"
"2013-07-11T00:00:00.000Z";"2013-07-11T23:59:59.999Z";"2013-07-11T01:01:01.000Z";"2013-07-11T13:56:01.000Z";"2781";88;90.2799987793;85.0799026489;88.9800033569;0;1014650062.5;11403125;"2013-07-11T23:59:59.999Z"
"2013-07-10T00:00:00.000Z";"2013-07-10T23:59:59.999Z";"2013-07-10T21:41:02.000Z";"2013-07-10T04:31:01.000Z";"2781";76.7200012207;87;76.1999969482;86.7600021362;0;988957719;11398775;"2013-07-10T23:59:59.999Z"
"2013-07-09T00:00:00.000Z";"2013-07-09T23:59:59.999Z";"2013-07-09T20:06:07.000Z";"2013-07-09T13:46:01.000Z";"2781";76;78.3000030518;72.5199966431;76.6940002441;0;873841849.25;11393875;"2013-07-09T23:59:59.999Z"
"2013-07-08T00:00:00.000Z";"2013-07-08T23:59:59.999Z";"2013-07-08T05:46:01.000Z";"2013-07-08T14:11:01.000Z";"2781";76.5;80;72.5999984741;76.5159988403;0;871457940.1;11389225;"2013-07-08T23:59:59.999Z"
"2013-07-07T00:00:00.000Z";"2013-07-07T23:59:59.999Z";"2013-07-07T23:56:01.000Z";"2013-07-07T04:56:01.000Z";"2781";68.7490005493;74.5610961914;66.6200027466;74.5610961914;0;848838978.923;11384475;"2013-07-07T23:59:59.999Z"
"2013-07-06T00:00:00.000Z";"2013-07-06T23:59:59.999Z";"2013-07-06T09:51:02.000Z";"2013-07-06T02:26:02.000Z";"2781";68.5049972534;75;66.8199996948;70.2772979736;0;799741618.54;11379800;"2013-07-06T23:59:59.999Z"
"2013-07-05T00:00:00.000Z";"2013-07-05T23:59:59.999Z";"2013-07-05T01:06:02.000Z";"2013-07-05T18:56:01.000Z";"2781";79.9899978638;80;65.5260009766;68.4309997559;0;778411178.875;11375125;"2013-07-05T23:59:59.999Z"
"2013-07-04T00:00:00.000Z";"2013-07-04T23:59:59.999Z";"2013-07-04T10:41:01.000Z";"2013-07-04T06:06:02.000Z";"2781";78.8899993896;83.1050033569;72;80.5258026123;0;915618608.9;11370500;"2013-07-04T23:59:59.999Z"
"2013-07-03T00:00:00.000Z";"2013-07-03T23:59:59.999Z";"2013-07-03T00:35:01.000Z";"2013-07-03T22:30:01.000Z";"2781";90.4049987793;90.9812011719;76.9792022705;77.5299987793;0;881233115.5;11366350;"2013-07-03T23:59:59.999Z"
"2013-07-02T00:00:00.000Z";"2013-07-02T23:59:59.999Z";"2013-07-02T12:50:03.000Z";"2013-07-02T00:05:01.000Z";"2781";88.0500030518;92.3000030518;87.5100021362;90.1340026855;0;1024082227.85;11361775;"2013-07-02T23:59:59.999Z"
"2013-07-01T00:00:00.000Z";"2013-07-01T23:59:59.999Z";"2013-07-01T04:35:01.000Z";"2013-07-01T23:25:02.000Z";"2781";97.5100021362;97.6649017334;86.297203064;88.0500030518;0;1000065296.25;11357925;"2013-07-01T23:59:59.999Z"
"2013-06-30T00:00:00.000Z";"2013-06-30T23:59:59.999Z";"2013-06-30T14:05:02.000Z";"2013-06-30T00:40:02.000Z";"2781";94.9990005493;98.1222991943;94.2222976685;96.6139984131;0;1096957771.35;11354025;"2013-06-30T23:59:59.999Z"
"2013-06-29T00:00:00.000Z";"2013-06-29T23:59:59.999Z";"2013-06-29T05:40:01.000Z";"2013-06-29T00:50:01.000Z";"2781";94.6600036621;99.9899978638;93;94.9940032959;0;1078198523.95;11350175;"2013-06-29T23:59:59.999Z"
"2013-06-28T00:00:00.000Z";"2013-06-28T23:59:59.999Z";"2013-06-28T03:50:01.000Z";"2013-06-28T03:55:02.000Z";"2781";101.7369995117;101.7369995117;92.3330001831;94.6492004395;0;1073887456.97;11345975;"2013-06-28T23:59:59.999Z"
"2013-06-27T00:00:00.000Z";"2013-06-27T23:59:59.999Z";"2013-06-27T00:00:01.000Z";"2013-06-27T23:50:02.000Z";"2781";104;104;101.0999984741;101.43699646;0;1150468022.9;11341700;"2013-06-27T23:59:59.999Z"
"2013-06-26T00:00:00.000Z";"2013-06-26T23:59:59.999Z";"2013-06-26T08:55:01.000Z";"2013-06-26T22:25:02.000Z";"2781";103.3290023804;105.4889984131;102.7919998169;104;0;1179105200;11337550;"2013-06-26T23:59:59.999Z"
"2013-06-25T00:00:00.000Z";"2013-06-25T23:59:59.999Z";"2013-06-25T08:00:02.000Z";"2013-06-25T03:30:02.000Z";"2781";102.0899963379;106.4700012207;101.0100021362;103.9499969482;0;1178086140;11333200;"2013-06-25T23:59:59.999Z"
"2013-06-24T00:00:00.000Z";"2013-06-24T23:59:59.999Z";"2013-06-24T00:20:01.000Z";"2013-06-24T17:00:02.000Z";"2781";107.9000015259;108.3339996338;100.9800033569;102.7369995117;0;1163935725.67;11329275;"2013-06-24T23:59:59.999Z"
"2013-06-23T00:00:00.000Z";"2013-06-23T23:59:59.999Z";"2013-06-23T08:40:02.000Z";"2013-06-23T17:50:01.000Z";"2781";108.1999969482;108.8000030518;106.2340011597;107.5999984741;0;1218626490;11325525;"2013-06-23T23:59:59.999Z"
"2013-06-22T00:00:00.000Z";"2013-06-22T23:59:59.999Z";"2013-06-22T01:40:01.000Z";"2013-06-22T12:45:02.000Z";"2781";109.5;109.9560012817;107.513999939;108.3000030518;0;1226110327.5;11321425;"2013-06-22T23:59:59.999Z"
"2013-06-21T00:00:00.000Z";"2013-06-21T23:59:59.999Z";"2013-06-21T03:45:02.000Z";"2013-06-21T13:25:02.000Z";"2781";111.2900009155;114.9899978638;107.6849975586;109.5;0;1239214237.5;11317025;"2013-06-21T23:59:59.999Z"
"2013-06-20T00:00:00.000Z";"2013-06-20T23:59:59.999Z";"2013-06-20T17:50:02.000Z";"2013-06-20T05:00:01.000Z";"2781";108.2509994507;114.3000030518;107.5;110.1500015259;0;1246104920;11312800;"2013-06-20T23:59:59.999Z"
"2013-06-19T00:00:00.000Z";"2013-06-19T23:59:59.999Z";"2013-06-19T10:10:01.000Z";"2013-06-19T02:30:02.000Z";"2781";107.0500030518;110.2249984741;105.7549972534;108.25;0;1224193837.5;11308950;"2013-06-19T23:59:59.999Z"
"2013-06-18T00:00:00.000Z";"2013-06-18T23:59:59.999Z";"2013-06-18T13:50:02.000Z";"2013-06-18T00:25:01.000Z";"2781";101.9499969482;111.111000061;101.0329971313;107.4000015259;0;1214216070;11305550;"2013-06-18T23:59:59.999Z"
"2013-06-17T00:00:00.000Z";"2013-06-17T23:59:59.999Z";"2013-06-17T00:10:02.000Z";"2013-06-17T00:20:02.000Z";"2781";99.9000015259;102.2099990845;99;101.6999969482;0;1149418485;11302050;"2013-06-17T23:59:59.999Z"
"2013-06-16T00:00:00.000Z";"2013-06-16T23:59:59.999Z";"2013-06-16T00:15:02.000Z";"2013-06-16T00:20:02.000Z";"2781";99.8000030518;101.5999984741;98.9466018677;99.5100021362;0;1124306271.75;11298425;"2013-06-16T23:59:59.999Z"
"2013-06-15T00:00:00.000Z";"2013-06-15T23:59:59.999Z";"2013-06-15T00:00:04.000Z";"2013-06-15T02:05:02.000Z";"2781";100;103.6999969482;98;99.9880981445;0;1129245603.78;11293800;"2013-06-15T23:59:59.999Z"
"2013-06-14T00:00:00.000Z";"2013-06-14T23:59:59.999Z";"2013-06-14T22:00:02.000Z";"2013-06-14T04:05:02.000Z";"2781";103.9489974976;104.6999969482;98;99.9788970947;0;1128709292.08;11289475;"2013-06-14T23:59:59.999Z"
"2013-06-13T00:00:00.000Z";"2013-06-13T23:59:59.999Z";"2013-06-13T03:40:02.000Z";"2013-06-13T22:40:01.000Z";"2781";108.7760009766;110.3000030518;100.5299987793;104;0;1173637400;11284975;"2013-06-13T23:59:59.999Z"
"2013-06-12T00:00:00.000Z";"2013-06-12T23:59:59.999Z";"2013-06-12T12:20:01.000Z";"2013-06-12T00:15:02.000Z";"2781";109;111.7870025635;106.7340011597;108.1500015259;0;1219969852.5;11280350;"2013-06-12T23:59:59.999Z"
"2013-06-11T00:00:00.000Z";"2013-06-11T23:59:59.999Z";"2013-06-11T16:25:01.000Z";"2013-06-11T06:20:02.000Z";"2781";106.3499984741;109.5999984741;104;108.9000015259;0;1227874725;11275250;"2013-06-11T23:59:59.999Z"
"2013-06-10T00:00:00.000Z";"2013-06-10T23:59:59.999Z";"2013-06-10T01:40:02.000Z";"2013-06-10T00:35:02.000Z";"2781";100.43699646;110.1009979248;95.0019989014;106.3499984741;0;1198638945;11270700;"2013-06-10T23:59:59.999Z"
"2013-06-09T00:00:00.000Z";"2013-06-09T23:59:59.999Z";"2013-06-09T20:10:01.000Z";"2013-06-09T06:45:01.000Z";"2781";107.891998291;108.9899978638;88.5;100;0;1126642500;11266425;"2013-06-09T23:59:59.999Z"
"2013-06-08T00:00:00.000Z";"2013-06-08T23:59:59.999Z";"2013-06-08T00:20:02.000Z";"2013-06-08T11:45:01.000Z";"2781";111;111.4150009155;107.3000030518;108.3000030518;0;1219717920;11262400;"2013-06-08T23:59:59.999Z"
"2013-06-07T00:00:00.000Z";"2013-06-07T23:59:59.999Z";"2013-06-07T01:11:16.000Z";"2013-06-07T16:30:01.000Z";"2781";118.9700012207;119;106.4199981689;111.5;0;1255258637.5;11257925;"2013-06-07T23:59:59.999Z"
"2013-06-06T00:00:00.000Z";"2013-06-06T23:59:59.999Z";"2013-06-06T03:05:01.000Z";"2013-06-06T23:15:02.000Z";"2781";121.9000015259;123.0999984741;117.25;118;0;1327960200;11253900;"2013-06-06T23:59:59.999Z"
"2013-06-05T00:00:00.000Z";"2013-06-05T23:59:59.999Z";"2013-06-05T17:50:02.000Z";"2013-06-05T05:55:01.000Z";"2781";121.4000015259;123.46900177;119.8990020752;121.6500015259;0;1368486468.75;11249375;"2013-06-05T23:59:59.999Z"
"2013-06-04T00:00:00.000Z";"2013-06-04T23:59:59.999Z";"2013-06-04T07:25:01.000Z";"2013-06-04T14:00:01.000Z";"2781";120.7369995117;123.8399963379;119.0999984741;121.4199981689;0;1365337545;11244750;"2013-06-04T23:59:59.999Z"
"2013-06-03T00:00:00.000Z";"2013-06-03T23:59:59.999Z";"2013-06-03T00:00:01.000Z";"2013-06-03T11:10:01.000Z";"2781";122.5;122.5;116;122.2220001221;0;1373708057.9;11239450;"2013-06-03T23:59:59.999Z"
"2013-06-02T00:00:00.000Z";"2013-06-02T23:59:59.999Z";"2013-06-02T00:10:01.000Z";"2013-06-02T15:40:01.000Z";"2781";129.3000030518;129.3999938965;115.0500030518;122.2919998169;0;1373837499.9;11234075;"2013-06-02T23:59:59.999Z"
"2013-06-01T00:00:00.000Z";"2013-06-01T23:59:59.999Z";"2013-06-01T00:05:02.000Z";"2013-06-01T06:45:01.000Z";"2781";128.8150024414;129.7799987793;127.1989974976;129.3000030518;0;1451916165;11229050;"2013-06-01T23:59:59.999Z"
"2013-05-31T00:00:00.000Z";"2013-05-31T23:59:59.999Z";"2013-05-31T22:00:01.000Z";"2013-05-31T19:25:02.000Z";"2781";128.7989959717;129.8999938965;126.4000015259;129;0;1447870200;11223800;"2013-05-31T23:59:59.999Z"
"2013-05-30T00:00:00.000Z";"2013-05-30T23:59:59.999Z";"2013-05-30T00:00:01.000Z";"2013-05-30T20:25:02.000Z";"2781";132.25;132.25;127;128.7989959717;0;1445053940.55;11219450;"2013-05-30T23:59:59.999Z"
"2013-05-29T00:00:00.000Z";"2013-05-29T23:59:59.999Z";"2013-05-29T21:35:01.000Z";"2013-05-29T14:35:02.000Z";"2781";129;132.5899963379;127.6620025635;132.3000030518;0;1483734577.5;11214925;"2013-05-29T23:59:59.999Z"
"2013-05-28T00:00:00.000Z";"2013-05-28T23:59:59.999Z";"2013-05-28T00:20:01.000Z";"2013-05-28T14:25:01.000Z";"2781";129.7700042725;130.5800018311;125.5999984741;129;0;1446189975;11210775;"2013-05-28T23:59:59.999Z"
"2013-05-27T00:00:00.000Z";"2013-05-27T23:59:59.999Z";"2013-05-27T09:45:01.000Z";"2013-05-27T19:55:02.000Z";"2781";133.5;135.4649963379;124.6999969482;129.7449951172;0;1454029509.62;11206825;"2013-05-27T23:59:59.999Z"
"2013-05-26T00:00:00.000Z";"2013-05-26T23:59:59.999Z";"2013-05-26T15:15:02.000Z";"2013-05-26T02:10:02.000Z";"2781";131.9859924316;136;130.6150054932;133.4799957275;0;1495293015;11202375;"2013-05-26T23:59:59.999Z"
"2013-05-25T00:00:00.000Z";"2013-05-25T23:59:59.999Z";"2013-05-25T00:50:02.000Z";"2013-05-25T12:05:02.000Z";"2781";133.1000061035;133.2189941406;128.8999938965;131.9799957275;0;1477958233;11198350;"2013-05-25T23:59:59.999Z"
"2013-05-24T00:00:00.000Z";"2013-05-24T23:59:59.999Z";"2013-05-24T19:15:01.000Z";"2013-05-24T05:15:01.000Z";"2781";126.3000030518;133.8500061035;125.71900177;133.1999969482;0;1491070770;11194225;"2013-05-24T23:59:59.999Z"
"2013-05-23T00:00:00.000Z";"2013-05-23T23:59:59.999Z";"2013-05-23T15:10:12.000Z";"2013-05-23T00:25:02.000Z";"2781";123.8000030518;126.9339981079;123.0999984741;126.6999969482;0;1417769832.5;11189975;"2013-05-23T23:59:59.999Z"
"2013-05-22T00:00:00.000Z";"2013-05-22T23:59:59.999Z";"2013-05-22T23:40:01.000Z";"2013-05-22T03:25:01.000Z";"2781";122.8899993896;124.0009994507;122;123.888999939;0;1385778992.85;11185650;"2013-05-22T23:59:59.999Z"
"2013-05-21T00:00:00.000Z";"2013-05-21T23:59:59.999Z";"2013-05-21T05:10:01.000Z";"2013-05-21T10:00:01.000Z";"2781";122.0199966431;123;121.2099990845;122.8799972534;0;1374013440;11181750;"2013-05-21T23:59:59.999Z"
"2013-05-20T00:00:00.000Z";"2013-05-20T23:59:59.999Z";"2013-05-20T06:05:01.000Z";"2013-05-20T04:45:03.000Z";"2781";122.5;123.6210021973;120.1200027466;122;0;1363709900;11177950;"2013-05-20T23:59:59.999Z"
"2013-05-19T00:00:00.000Z";"2013-05-19T23:59:59.999Z";"2013-05-19T11:55:01.000Z";"2013-05-19T17:05:01.000Z";"2781";123.2109985352;124.5;119.5709991455;121.9899978638;0;1363204702.75;11174725;"2013-05-19T23:59:59.999Z"
"2013-05-18T00:00:00.000Z";"2013-05-18T23:59:59.999Z";"2013-05-18T02:50:02.000Z";"2013-05-18T01:20:01.000Z";"2781";123.5;125.25;122.3000030518;123.4980010986;0;1379574545.85;11170825;"2013-05-18T23:59:59.999Z"
"2013-05-17T00:00:00.000Z";"2013-05-17T23:59:59.999Z";"2013-05-17T17:40:02.000Z";"2013-05-17T03:35:01.000Z";"2781";118.2099990845;125.3000030518;116.5709991455;123.0149993896;0;1373723881.88;11167125;"2013-05-17T23:59:59.999Z"
"2013-05-16T00:00:00.000Z";"2013-05-16T23:59:59.999Z";"2013-05-16T23:55:01.000Z";"2013-05-16T06:20:01.000Z";"2781";114.2200012207;118.7600021362;112.1999969482;118.7600021362;0;1325726787;11163075;"2013-05-16T23:59:59.999Z"
"2013-05-15T00:00:00.000Z";"2013-05-15T23:59:59.999Z";"2013-05-15T15:45:02.000Z";"2013-05-15T00:25:01.000Z";"2781";111.4000015259;115.8099975586;103.5;114.2200012207;0;1274623812.5;11159375;"2013-05-15T23:59:59.999Z"
"2013-05-14T00:00:00.000Z";"2013-05-14T23:59:59.999Z";"2013-05-14T13:00:02.000Z";"2013-05-14T23:15:01.000Z";"2781";117.9800033569;119.8000030518;110.25;111.5;0;1243874487.5;11155825;"2013-05-14T23:59:59.999Z"
"2013-05-13T00:00:00.000Z";"2013-05-13T23:59:59.999Z";"2013-05-13T11:50:01.000Z";"2013-05-13T03:15:01.000Z";"2781";114.8199996948;118.6989974976;114.5;117.9800033569;0;1315710010.5;11151975;"2013-05-13T23:59:59.999Z"
"2013-05-12T00:00:00.000Z";"2013-05-12T23:59:59.999Z";"2013-05-12T08:35:02.000Z";"2013-05-12T14:20:01.000Z";"2781";115.6399993896;117.4489974976;113.4349975586;115;0;1281982625;11147675;"2013-05-12T23:59:59.999Z"
"2013-05-11T00:00:00.000Z";"2013-05-11T23:59:59.999Z";"2013-05-11T11:50:03.000Z";"2013-05-11T20:25:01.000Z";"2781";117.6999969482;118.6790008545;113.0100021362;115.2429962158;0;1284207489.42;11143475;"2013-05-11T23:59:59.999Z"
"2013-05-10T00:00:00.000Z";"2013-05-10T23:59:59.999Z";"2013-05-10T13:15:02.000Z";"2013-05-10T02:00:01.000Z";"2781";112.7990036011;122;111.5510025024;117.1999969482;0;1305479080;11138900;"2013-05-10T23:59:59.999Z"
"2013-05-09T00:00:00.000Z";"2013-05-09T23:59:59.999Z";"2013-05-09T19:20:01.000Z";"2013-05-09T03:00:01.000Z";"2781";113.1999969482;113.4599990845;109.2600021362;112.6699981689;0;1254535382;11134600;"2013-05-09T23:59:59.999Z"
"2013-05-08T00:00:00.000Z";"2013-05-08T23:59:59.999Z";"2013-05-08T07:55:01.000Z";"2013-05-08T00:00:01.000Z";"2781";109.5999984741;115.7799987793;109.5999984741;113.5660018921;0;1264049202.15;11130525;"2013-05-08T23:59:59.999Z"
"2013-05-07T00:00:00.000Z";"2013-05-07T23:59:59.999Z";"2013-05-07T14:40:01.000Z";"2013-05-07T14:35:02.000Z";"2781";112.25;113.4440002441;97.6999969482;111.5;0;1240593600;11126400;"2013-05-07T23:59:59.999Z"
"2013-05-06T00:00:00.000Z";"2013-05-06T23:59:59.999Z";"2013-05-06T14:25:01.000Z";"2013-05-06T21:30:02.000Z";"2781";115.9800033569;124.6630020142;106.6399993896;112.3000030518;0;1249023060;11122200;"2013-05-06T23:59:59.999Z"
"2013-05-05T00:00:00.000Z";"2013-05-05T23:59:59.999Z";"2013-05-05T04:20:01.000Z";"2013-05-05T07:25:01.000Z";"2781";112.9000015259;118.8000030518;107.1429977417;115.9100036621;0;1288693175.5;11118050;"2013-05-05T23:59:59.999Z"
"2013-05-04T00:00:00.000Z";"2013-05-04T23:59:59.999Z";"2013-05-04T07:15:01.000Z";"2013-05-04T06:50:01.000Z";"2781";98.0999984741;115;92.5;112.5;0;1250316562.5;11113925;"2013-05-04T23:59:59.999Z"
"2013-05-03T00:00:00.000Z";"2013-05-03T23:59:59.999Z";"2013-05-03T05:30:02.000Z";"2013-05-03T03:05:01.000Z";"2781";106.25;108.1279983521;79.0999984741;97.75;0;1085995168.75;11109925;"2013-05-03T23:59:59.999Z"
"2013-05-02T00:00:00.000Z";"2013-05-02T23:59:59.999Z";"2013-05-02T14:25:01.000Z";"2013-05-02T14:30:02.000Z";"2781";116.3799972534;125.5999984741;92.2818984985;105.2099990845;0;1168517495.25;11106525;"2013-05-02T23:59:59.999Z"
"2013-05-01T00:00:00.000Z";"2013-05-01T23:59:59.999Z";"2013-05-01T00:15:01.000Z";"2013-05-01T19:55:01.000Z";"2781";139;139.8899993896;107.7200012207;116.9899978638;0;1298954593.75;11103125;"2013-05-01T23:59:59.999Z"
"2013-04-30T00:00:00.000Z";"2013-04-30T23:59:59.999Z";"2013-04-30T08:25:02.000Z";"2013-04-30T18:55:01.000Z";"2781";144;146.9299926758;134.0500030518;139;0;1542813125;11099375;"2013-04-30T23:59:59.999Z"
"2013-04-29T00:00:00.000Z";"2013-04-29T23:59:59.999Z";"2013-04-29T13:15:01.000Z";"2013-04-29T05:20:01.000Z";"2781";134.4440002441;147.4880065918;134;144.5399932861;0;1603768864.5;11095675;"2013-04-29T23:59:59.999Z"
"2013-04-28T00:00:00.000Z";"2013-04-28T23:59:59.999Z";"2013-04-28T00:45:00.000Z";"2013-04-28T13:05:00.000Z";"2781";136.68945488;143.3659423;110.8455927;127.95425536;25956.84;1419007893.66;11091325;"2013-04-28T23:59:59.999Z"
"2013-04-27T00:00:00.000Z";"2013-04-27T23:59:59.999Z";"2013-04-27T00:19:00.000Z";"2013-04-27T02:09:00.000Z";"2781";139.41366795;147.40510391;124.43942456;136.70491488;59902.29;1515587582.88;11086562.5;"2013-04-27T23:59:59.999Z"
"2013-04-26T00:00:00.000Z";"2013-04-26T23:59:59.999Z";"2013-04-26T00:00:00.000Z";"2013-04-26T23:58:00.000Z";"2781";163.98580025;163.98580025;139.01415486;139.41992885;128520.58;1545171901.21;11082862.5;"2013-04-26T23:59:59.999Z"
"2013-04-25T00:00:00.000Z";"2013-04-25T23:59:59.999Z";"2013-04-25T19:29:00.000Z";"2013-04-25T06:07:00.000Z";"2781";148.82236146;160.39757887;129.29814492;152.67216657;187098.18;1691395613.94;11078611.46;"2013-04-25T23:59:59.999Z"
"2013-04-24T00:00:00.000Z";"2013-04-24T23:59:59.999Z";"2013-04-24T02:16:00.000Z";"2013-04-24T00:00:00.000Z";"2781";127.72712448;185.87225954;127.72712448;148.82315689;224877.43;1648114146.64;11074287.5;"2013-04-24T23:59:59.999Z"
"2013-04-23T00:00:00.000Z";"2013-04-23T23:59:59.999Z";"2013-04-23T02:59:00.000Z";"2013-04-23T00:29:00.000Z";"2781";123.51475653;144.69433603;120.69986372;127.45834109;116193.72;1410997293.69;11070262.5;"2013-04-23T23:59:59.999Z"
"2013-04-22T00:00:00.000Z";"2013-04-22T23:59:59.999Z";"2013-04-22T19:58:00.000Z";"2013-04-22T02:20:00.000Z";"2781";124.2677361;133.05829976;106.2236906;123.44838397;59333.59;1366087532.54;11066062.5;"2013-04-22T23:59:59.999Z"
"2013-04-21T00:00:00.000Z";"2013-04-21T23:59:59.999Z";"2013-04-21T00:58:00.000Z";"2013-04-21T22:58:00.000Z";"2781";123.03636385;146.09668728;118.57486428;124.27687826;99319.45;1374777236.15;11062212.5;"2013-04-21T23:59:59.999Z"
"2013-04-20T00:00:00.000Z";"2013-04-20T23:59:59.999Z";"2013-04-20T23:36:00.000Z";"2013-04-20T08:32:00.000Z";"2781";115.71145498;125.34258266;102.4693311;122.96052605;74361.74;1359677515.98;11057812.5;"2013-04-20T23:59:59.999Z"
"2013-04-19T00:00:00.000Z";"2013-04-19T23:59:59.999Z";"2013-04-19T02:10:00.000Z";"2013-04-19T11:42:00.000Z";"2781";104.01093893;130.77863222;99.86794697;115.77266673;256425.78;1279746716.56;11053937.5;"2013-04-19T23:59:59.999Z"
"2013-04-18T00:00:00.000Z";"2013-04-18T23:59:59.999Z";"2013-04-18T02:20:00.000Z";"2013-04-18T00:00:00.000Z";"2781";70.56431012;126.74905271;70.56431012;103.87391442;173409.53;1147862586.58;11050537.5;"2013-04-18T23:59:59.999Z"
"2013-04-17T00:00:00.000Z";"2013-04-17T23:59:59.999Z";"2013-04-17T01:15:00.000Z";"2013-04-17T12:03:00.000Z";"2781";68.19239826;72.6368385;58.96921229;69.96080342;327111.11;772849124.8;11046887.5;"2013-04-17T23:59:59.999Z"
"2013-04-16T00:00:00.000Z";"2013-04-16T23:59:59.999Z";"2013-04-16T00:00:00.000Z";"2013-04-16T15:54:00.000Z";"2781";99.46441202;99.46441202;56.84808735;68.19326986;574486.28;753031641.07;11042583.33;"2013-04-16T23:59:59.999Z"
"2013-04-15T00:00:00.000Z";"2013-04-15T23:59:59.999Z";"2013-04-15T17:23:00.000Z";"2013-04-15T01:06:00.000Z";"2781";93.27147652;111.64524887;86.17109286;99.51967961;236685.99;1098512114.83;11038112.5;"2013-04-15T23:59:59.999Z"
"2013-04-14T00:00:00.000Z";"2013-04-14T23:59:59.999Z";"2013-04-14T00:19:00.000Z";"2013-04-14T11:33:00.000Z";"2781";114.86161727;117.55489958;84.96775029;93.2782107;166700.04;1029239938.71;11034087.5;"2013-04-14T23:59:59.999Z"
"2013-04-13T00:00:00.000Z";"2013-04-13T23:59:59.999Z";"2013-04-13T21:02:00.000Z";"2013-04-13T02:30:00.000Z";"2781";117.57126699;125.65265889;97.57958478;115.00041194;238181.43;1268484731.31;11030262.5;"2013-04-13T23:59:59.999Z"
"2013-04-12T00:00:00.000Z";"2013-04-12T23:59:59.999Z";"2013-04-12T00:00:00.000Z";"2013-04-12T15:03:00.000Z";"2781";150.85380718;150.85380718;98.20111074;117.58558608;554438.61;1296508960.86;11026087.5;"2013-04-12T23:59:59.999Z"
"2013-04-11T00:00:00.000Z";"2013-04-11T23:59:59.999Z";"2013-04-11T00:10:00.000Z";"2013-04-11T13:33:00.000Z";"2781";227.97921023;232.11148079;143.34274538;151.03559838;118714.77;1664678494.39;11021737.5;"2013-04-11T23:59:59.999Z"
"2013-04-10T00:00:00.000Z";"2013-04-10T23:59:59.999Z";"2013-04-10T15:23:00.000Z";"2013-04-10T00:12:00.000Z";"2781";190.0104272;250.18543566;184.08305658;228.19894118;190313.55;2514241736.68;11017762.5;"2013-04-10T23:59:59.999Z"
"2013-04-09T00:00:00.000Z";"2013-04-09T23:59:59.999Z";"2013-04-09T18:52:00.000Z";"2013-04-09T01:08:00.000Z";"2781";182.57820022;218.86432626;176.08476171;189.90842722;105926.64;2091459135.12;11012987.5;"2013-04-09T23:59:59.999Z"
"2013-04-08T00:00:00.000Z";"2013-04-08T23:59:59.999Z";"2013-04-08T01:01:00.000Z";"2013-04-08T00:00:00.000Z";"2781";153.78325931;205.42635035;153.78325931;182.51162327;114414.96;2009195174.54;11008587.5;"2013-04-08T23:59:59.999Z"
"2013-04-07T00:00:00.000Z";"2013-04-07T23:59:59.999Z";"2013-04-07T00:57:00.000Z";"2013-04-07T17:38:00.000Z";"2781";142.55671787;166.5543644;139.50819302;152.89229638;60994.86;1682531942.82;11004662.5;"2013-04-07T23:59:59.999Z"
"2013-04-06T00:00:00.000Z";"2013-04-06T23:59:59.999Z";"2013-04-06T00:18:00.000Z";"2013-04-06T02:44:00.000Z";"2781";139.71194721;145.89388569;114.91242591;142.16482287;18370.26;1563899979.44;11000611.46;"2013-04-06T23:59:59.999Z"
"2013-04-05T00:00:00.000Z";"2013-04-05T23:59:59.999Z";"2013-04-05T22:19:00.000Z";"2013-04-05T01:49:00.000Z";"2781";131.17283377;148.36597185;113.22537809;139.7593577;68281.6;1536863340.21;10996496.88;"2013-04-05T23:59:59.999Z"
"2013-04-04T00:00:00.000Z";"2013-04-04T23:59:59.999Z";"2013-04-04T02:16:00.000Z";"2013-04-04T18:06:00.000Z";"2781";121.56722721;137.92945684;119.05496851;131.20908845;88736.02;1442327385.59;10992562.5;"2013-04-04T23:59:59.999Z"
"2013-04-03T00:00:00.000Z";"2013-04-03T23:59:59.999Z";"2013-04-03T12:52:00.000Z";"2013-04-03T01:31:00.000Z";"2781";105.72455272;141.62426909;99.85990972;121.52853964;153128.17;1335441296.51;10988705.21;"2013-04-03T23:59:59.999Z"
"2013-04-02T00:00:00.000Z";"2013-04-02T23:59:59.999Z";"2013-04-02T03:27:00.000Z";"2013-04-02T00:36:00.000Z";"2781";99.56835171;111.16744287;94.30860758;105.68146435;81672.99;1160843513.96;10984362.5;"2013-04-02T23:59:59.999Z"
"2013-04-01T00:00:00.000Z";"2013-04-01T23:59:59.999Z";"2013-04-01T23:20:00.000Z";"2013-04-01T07:12:00.000Z";"2781";92.47043987;100.7379439;82.99301486;99.56809331;90446.98;1093241069.87;10979833.33;"2013-04-01T23:59:59.999Z"
"2013-03-31T00:00:00.000Z";"2013-03-31T23:59:59.999Z";"2013-03-31T18:40:00.000Z";"2013-03-31T01:41:00.000Z";"2781";91.94565984;101.08286164;83.6270888;92.52372102;21117.06;1015436079.98;10974846.88;"2013-03-31T23:59:59.999Z"
"2013-03-30T00:00:00.000Z";"2013-03-30T23:59:59.999Z";"2013-03-30T22:09:00.000Z";"2013-03-30T02:35:00.000Z";"2781";88.02659634;94.77866004;75.06716119;91.95877005;37290.15;1008848630.14;10970662.5;"2013-03-30T23:59:59.999Z"
"2013-03-29T00:00:00.000Z";"2013-03-29T23:59:59.999Z";"2013-03-29T08:41:00.000Z";"2013-03-29T00:17:00.000Z";"2781";86.39457912;110.10496404;83.11275841;88.09236833;83237.59;966046421.19;10966262.5;"2013-03-29T23:59:59.999Z"
"2013-03-28T00:00:00.000Z";"2013-03-28T23:59:59.999Z";"2013-03-28T23:58:00.000Z";"2013-03-28T04:29:00.000Z";"2781";83.33486961;86.40715354;71.87631165;86.24812092;140006;945450823.43;10961962.5;"2013-03-28T23:59:59.999Z"
"2013-03-27T00:00:00.000Z";"2013-03-27T23:59:59.999Z";"2013-03-27T09:47:00.000Z";"2013-03-27T02:15:00.000Z";"2781";75.71086481;87.46415518;71.83052606;83.41769084;71795.34;914042048.34;10957412.5;"2013-03-27T23:59:59.999Z"
"2013-03-26T00:00:00.000Z";"2013-03-26T23:59:59.999Z";"2013-03-26T20:44:00.000Z";"2013-03-26T02:10:00.000Z";"2781";73.19709763;81.89516138;65.26669894;75.6978879;56618.31;829203180.07;10954087.5;"2013-03-26T23:59:59.999Z"
"2013-03-25T00:00:00.000Z";"2013-03-25T23:59:59.999Z";"2013-03-25T21:55:00.000Z";"2013-03-25T01:50:00.000Z";"2781";70.71044003;77.76890517;61.02490678;73.21213293;79467.48;801699394.99;10950337.5;"2013-03-25T23:59:59.999Z"
"2013-03-24T00:00:00.000Z";"2013-03-24T23:59:59.999Z";"2013-03-24T18:36:00.000Z";"2013-03-24T02:48:00.000Z";"2781";69.32250719;73.69499494;58.85496101;71.01798974;41913.59;777417066.92;10946762.5;"2013-03-24T23:59:59.999Z"
"2013-03-23T00:00:00.000Z";"2013-03-23T23:59:59.999Z";"2013-03-23T21:19:00.000Z";"2013-03-23T03:22:00.000Z";"2781";69.80890912;75.36221033;63.04311152;69.46378311;150321.04;760073583.09;10942012.5;"2013-03-23T23:59:59.999Z"
"2013-03-22T00:00:00.000Z";"2013-03-22T23:59:59.999Z";"2013-03-22T01:35:00.000Z";"2013-03-22T00:00:00.000Z";"2781";66.57375509;88.68329413;66.57375509;69.98967503;73103.28;765449954.81;10936612.5;"2013-03-22T23:59:59.999Z"
"2013-03-21T00:00:00.000Z";"2013-03-21T23:59:59.999Z";"2013-03-21T03:16:00.000Z";"2013-03-21T00:21:00.000Z";"2781";63.09676946;83.13601967;62.35370176;66.51211423;94152.86;727036438.04;10930887.5;"2013-03-21T23:59:59.999Z"
"2013-03-20T00:00:00.000Z";"2013-03-20T23:59:59.999Z";"2013-03-20T01:25:00.000Z";"2013-03-20T00:00:00.000Z";"2781";52.53731073;71.06669193;52.53731073;63.07642377;93178.76;689137525.63;10925437.5;"2013-03-20T23:59:59.999Z"
"2013-03-19T00:00:00.000Z";"2013-03-19T23:59:59.999Z";"2013-03-19T04:32:00.000Z";"2013-03-19T00:24:00.000Z";"2781";51.11806964;63.81055158;49.93984796;52.36282461;112206.01;571810553.71;10920162.5;"2013-03-19T23:59:59.999Z"
"2013-03-18T00:00:00.000Z";"2013-03-18T23:59:59.999Z";"2013-03-18T03:04:00.000Z";"2013-03-18T00:42:00.000Z";"2781";47.74176036;61.81042716;47.67972635;51.01725682;65032.52;556899273.73;10915845.83;"2013-03-18T23:59:59.999Z"
"2013-03-17T00:00:00.000Z";"2013-03-17T23:59:59.999Z";"2013-03-17T01:53:00.000Z";"2013-03-17T22:51:00.000Z";"2781";47.09362255;60.23120303;44.48461511;47.38684263;13912.14;517045540.3;10911137.5;"2013-03-17T23:59:59.999Z"
"2013-03-16T00:00:00.000Z";"2013-03-16T23:59:59.999Z";"2013-03-16T00:35:00.000Z";"2013-03-16T14:28:00.000Z";"2781";46.83408637;48.20178486;39.08735264;46.90482035;16344.09;511541039.19;10905912.5;"2013-03-16T23:59:59.999Z"
"2013-03-15T00:00:00.000Z";"2013-03-15T23:59:59.999Z";"2013-03-15T10:57:00.000Z";"2013-03-15T18:28:00.000Z";"2781";47.07619647;52.41145425;41.92051784;46.88043039;20160.32;511068672.25;10901506.25;"2013-03-15T23:59:59.999Z"
"2013-03-14T00:00:00.000Z";"2013-03-14T23:59:59.999Z";"2013-03-14T08:47:00.000Z";"2013-03-14T00:54:00.000Z";"2781";45.75259783;53.73317481;43.48866605;47.07235772;37129.77;512959838.57;10897262.5;"2013-03-14T23:59:59.999Z"
"2013-03-13T00:00:00.000Z";"2013-03-13T23:59:59.999Z";"2013-03-13T00:36:00.000Z";"2013-03-13T02:49:00.000Z";"2781";46.5055121;48.50352617;39.63113796;45.74626518;49627.03;498303678.4;10892694.79;"2013-03-13T23:59:59.999Z"
"2013-03-12T00:00:00.000Z";"2013-03-12T23:59:59.999Z";"2013-03-12T13:40:00.000Z";"2013-03-12T04:29:00.000Z";"2781";47.80631348;52.34242305;38.91503088;46.51248342;183045.14;506467455.09;10888850;"2013-03-12T23:59:59.999Z"
"2013-03-11T00:00:00.000Z";"2013-03-11T23:59:59.999Z";"2013-03-11T11:20:00.000Z";"2013-03-11T00:23:00.000Z";"2781";46.27252893;56.56057437;43.3243333;47.82448332;41447.44;520592815.38;10885487.5;"2013-03-11T23:59:59.999Z"
"2013-03-10T00:00:00.000Z";"2013-03-10T23:59:59.999Z";"2013-03-10T00:13:00.000Z";"2013-03-10T12:34:00.000Z";"2781";46.21466426;49.15566286;41.36201509;46.27156621;36323.44;503498842.17;10881337.5;"2013-03-10T23:59:59.999Z"
"2013-03-09T00:00:00.000Z";"2013-03-09T23:59:59.999Z";"2013-03-09T11:56:00.000Z";"2013-03-09T00:46:00.000Z";"2781";44.0691934;54.90380996;42.09177542;46.25376735;44562.53;503093024.9;10876748.96;"2013-03-09T23:59:59.999Z"
"2013-03-08T00:00:00.000Z";"2013-03-08T23:59:59.999Z";"2013-03-08T02:38:00.000Z";"2013-03-08T00:31:00.000Z";"2781";42.02206786;53.04415728;40.92783325;44.06320999;47043.47;479081106.15;10872587.5;"2013-03-08T23:59:59.999Z"
"2013-03-07T00:00:00.000Z";"2013-03-07T23:59:59.999Z";"2013-03-07T01:47:00.000Z";"2013-03-07T00:16:00.000Z";"2781";40.96149436;53.40305387;39.81397714;42;157898.36;456479625;10868562.5;"2013-03-07T23:59:59.999Z"
"2013-03-06T00:00:00.000Z";"2013-03-06T23:59:59.999Z";"2013-03-06T12:15:00.000Z";"2013-03-06T00:28:00.000Z";"2781";38.11996321;49.44541401;37.83512083;40.81223027;126795.52;443408046.84;10864562.5;"2013-03-06T23:59:59.999Z"
"2013-03-05T00:00:00.000Z";"2013-03-05T23:59:59.999Z";"2013-03-05T17:25:00.000Z";"2013-03-05T00:23:00.000Z";"2781";34.27958051;39.04147046;31.94087977;38.11063417;85765.94;413908124.84;10860672.92;"2013-03-05T23:59:59.999Z"
"2013-03-04T00:00:00.000Z";"2013-03-04T23:59:59.999Z";"2013-03-04T22:49:00.000Z";"2013-03-04T02:22:00.000Z";"2781";34.33226197;35.77441929;28.00640426;34.27236859;46685.45;372102317.26;10857184.38;"2013-03-04T23:59:59.999Z"
"2013-03-03T00:00:00.000Z";"2013-03-03T23:59:59.999Z";"2013-03-03T02:32:00.000Z";"2013-03-03T00:38:00.000Z";"2781";34.31301423;42.68141456;33.57873497;34.33427862;12482.77;372621771.48;10852737.5;"2013-03-03T23:59:59.999Z"
"2013-03-02T00:00:00.000Z";"2013-03-02T23:59:59.999Z";"2013-03-02T07:20:00.000Z";"2013-03-02T00:25:00.000Z";"2781";34.06585655;38.84508803;32.34238083;34.30720216;36748.77;372189830.6;10848737.5;"2013-03-02T23:59:59.999Z"
"2013-03-01T00:00:00.000Z";"2013-03-01T23:59:59.999Z";"2013-03-01T01:22:00.000Z";"2013-03-01T00:00:00.000Z";"2781";32.04618139;40.96944063;32.04618139;34.05816908;39814.92;369364675.22;10845112.5;"2013-03-01T23:59:59.999Z"
"2013-02-28T00:00:00.000Z";"2013-02-28T23:59:59.999Z";"2013-02-28T12:55:00.000Z";"2013-02-28T01:57:00.000Z";"2781";30.91942017;34.70765945;26.02968306;32.02815427;126830.64;347227229.24;10841312.5;"2013-02-28T23:59:59.999Z"
"2013-02-27T00:00:00.000Z";"2013-02-27T23:59:59.999Z";"2013-02-27T19:34:00.000Z";"2013-02-27T02:45:00.000Z";"2781";30.58781213;33.70528794;25.48741979;31.0517426;30493.42;336511227.88;10837000;"2013-02-27T23:59:59.999Z"
"2013-02-26T00:00:00.000Z";"2013-02-26T23:59:59.999Z";"2013-02-26T03:59:00.000Z";"2013-02-26T19:06:00.000Z";"2781";30.37230069;35.58797432;27.77445283;30.62012654;42947.29;331685631.22;10832222.92;"2013-02-26T23:59:59.999Z"
"2013-02-25T00:00:00.000Z";"2013-02-25T23:59:59.999Z";"2013-02-25T01:17:00.000Z";"2013-02-25T08:03:00.000Z";"2781";29.80775701;31.55789397;25.3403734;30.35694663;26825.02;328708939.22;10828129.17;"2013-02-25T23:59:59.999Z"
"2013-02-24T00:00:00.000Z";"2013-02-24T23:59:59.999Z";"2013-02-24T21:20:00.000Z";"2013-02-24T03:39:00.000Z";"2781";30.26416447;32.71100888;24.89792399;29.81599318;24294.73;322698835.83;10823011.46;"2013-02-24T23:59:59.999Z"
"2013-02-23T00:00:00.000Z";"2013-02-23T23:59:59.999Z";"2013-02-23T08:21:00.000Z";"2013-02-23T00:38:00.000Z";"2781";30.21213508;37.86758161;28.87160829;30.29491769;71992.11;327763617.76;10819095.83;"2013-02-23T23:59:59.999Z"
"2013-02-22T00:00:00.000Z";"2013-02-22T23:59:59.999Z";"2013-02-22T01:56:00.000Z";"2013-02-22T12:00:00.000Z";"2781";29.82337523;38.71373559;29.2927261;30.2113285;66804.81;326736052.72;10814991.67;"2013-02-22T23:59:59.999Z"
"2013-02-21T00:00:00.000Z";"2013-02-21T23:59:59.999Z";"2013-02-21T06:35:00.000Z";"2013-02-21T00:29:00.000Z";"2781";29.65810607;34.9037003;28.67569859;29.74987588;34672.77;321619586.3;10810787.5;"2013-02-21T23:59:59.999Z"
"2013-02-20T00:00:00.000Z";"2013-02-20T23:59:59.999Z";"2013-02-20T06:48:00.000Z";"2013-02-20T00:15:00.000Z";"2781";27.50423436;32.31095947;27.29191045;29.6326173;37238.54;320221545.19;10806387.5;"2013-02-20T23:59:59.999Z"
"2013-02-19T00:00:00.000Z";"2013-02-19T23:59:59.999Z";"2013-02-19T05:05:00.000Z";"2013-02-19T00:12:00.000Z";"2781";27.0188945;32.32613246;25.92462414;27.48716203;99782.98;296903926.4;10801496.88;"2013-02-19T23:59:59.999Z"
"2013-02-18T00:00:00.000Z";"2013-02-18T23:59:59.999Z";"2013-02-18T01:49:00.000Z";"2013-02-18T19:47:00.000Z";"2781";27.25465632;30.32016689;23.98447357;26.92480714;29819.8;290722203.76;10797559.38;"2013-02-18T23:59:59.999Z"
"2013-02-17T00:00:00.000Z";"2013-02-17T23:59:59.999Z";"2013-02-17T02:28:00.000Z";"2013-02-17T00:26:00.000Z";"2781";27.2840741;33.57416986;27.19821511;27.23745492;77280.85;293989172.02;10793562.5;"2013-02-17T23:59:59.999Z"
"2013-02-16T00:00:00.000Z";"2013-02-16T23:59:59.999Z";"2013-02-16T00:20:00.000Z";"2013-02-16T01:17:00.000Z";"2781";27.10131004;28.40683632;23.27124829;27.26222531;18774.26;294128286.73;10788858.33;"2013-02-16T23:59:59.999Z"
"2013-02-15T00:00:00.000Z";"2013-02-15T23:59:59.999Z";"2013-02-15T07:34:00.000Z";"2013-02-15T00:47:00.000Z";"2781";25.91093475;29.98175594;25.02371308;27.15308398;51691.9;292822506.34;10784134.38;"2013-02-15T23:59:59.999Z"
"2013-02-14T00:00:00.000Z";"2013-02-14T23:59:59.999Z";"2013-02-14T00:48:00.000Z";"2013-02-14T04:50:00.000Z";"2781";25.07835651;26.11643369;21.69268792;25.90549239;145854.14;279252464.87;10779612.5;"2013-02-14T23:59:59.999Z"
"2013-02-13T00:00:00.000Z";"2013-02-13T23:59:59.999Z";"2013-02-13T00:58:00.000Z";"2013-02-13T13:55:00.000Z";"2781";25.1316521;27.66117251;23.21033414;25.07980504;90041.94;270256713.52;10775869.79;"2013-02-13T23:59:59.999Z"
"2013-02-12T00:00:00.000Z";"2013-02-12T23:59:59.999Z";"2013-02-12T02:47:00.000Z";"2013-02-12T13:34:00.000Z";"2781";24.54491244;27.35865136;22.65733542;25.12181648;74170.04;270602341.58;10771607.29;"2013-02-12T23:59:59.999Z"
"2013-02-11T00:00:00.000Z";"2013-02-11T23:59:59.999Z";"2013-02-11T09:34:00.000Z";"2013-02-11T00:24:00.000Z";"2781";23.90015881;27.94406908;22.88141959;24.54176417;29530.65;264268861;10768101.04;"2013-02-11T23:59:59.999Z"
"2013-02-10T00:00:00.000Z";"2013-02-10T23:59:59.999Z";"2013-02-10T01:51:00.000Z";"2013-02-10T00:42:00.000Z";"2781";23.61708729;27.91005252;22.8242266;23.88249057;56386.35;257074064.06;10764094.79;"2013-02-10T23:59:59.999Z"
"2013-02-09T00:00:00.000Z";"2013-02-09T23:59:59.999Z";"2013-02-09T01:15:00.000Z";"2013-02-09T00:00:00.000Z";"2781";22.32985654;28.03948334;22.32985654;23.5390991;38119.66;253283942.95;10760112.5;"2013-02-09T23:59:59.999Z"
"2013-02-08T00:00:00.000Z";"2013-02-08T23:59:59.999Z";"2013-02-08T06:20:00.000Z";"2013-02-08T00:35:00.000Z";"2781";21.70826787;24.69543726;21.09172778;22.24876393;48661.89;239320219.77;10756562.5;"2013-02-08T23:59:59.999Z"
"2013-02-07T00:00:00.000Z";"2013-02-07T23:59:59.999Z";"2013-02-07T17:32:00.000Z";"2013-02-07T00:27:00.000Z";"2781";20.96664243;26.11201311;20.5143431;21.69619448;64367.44;233294207.2;10752770.83;"2013-02-07T23:59:59.999Z"
"2013-02-06T00:00:00.000Z";"2013-02-06T23:59:59.999Z";"2013-02-06T23:50:00.000Z";"2013-02-06T01:31:00.000Z";"2781";20.74654051;21.47593625;17.42111871;20.96281652;52106.45;225327677.06;10748892.71;"2013-02-06T23:59:59.999Z"
"2013-02-05T00:00:00.000Z";"2013-02-05T23:59:59.999Z";"2013-02-05T04:17:00.000Z";"2013-02-05T16:41:00.000Z";"2781";20.64699436;25.71122074;18.18928481;20.75961928;29060.19;223067947.81;10745281.25;"2013-02-05T23:59:59.999Z"
"2013-02-04T00:00:00.000Z";"2013-02-04T23:59:59.999Z";"2013-02-04T11:40:00.000Z";"2013-02-04T01:28:00.000Z";"2781";20.7214864;22.50978969;19.48733521;20.57777016;52321.49;221028144.29;10741112.5;"2013-02-04T23:59:59.999Z"
"2013-02-03T00:00:00.000Z";"2013-02-03T23:59:59.999Z";"2013-02-03T21:11:00.000Z";"2013-02-03T06:23:00.000Z";"2781";19.63720043;21.30093984;17.93200208;20.72008399;34125.7;222470570.55;10736892.71;"2013-02-03T23:59:59.999Z"
"2013-02-02T00:00:00.000Z";"2013-02-02T23:59:59.999Z";"2013-02-02T01:11:00.000Z";"2013-02-02T08:26:00.000Z";"2781";20.523841;21.55676962;18.36075384;19.63740615;80381.77;210755638.63;10732330.21;"2013-02-02T23:59:59.999Z"
"2013-02-01T00:00:00.000Z";"2013-02-01T23:59:59.999Z";"2013-02-01T08:55:00.000Z";"2013-02-01T00:43:00.000Z";"2781";20.26148547;22.76794028;18.36848642;20.52404729;49951.22;220193011.01;10728537.5;"2013-02-01T23:59:59.999Z"
"2013-01-31T00:00:00.000Z";"2013-01-31T23:59:59.999Z";"2013-01-31T15:02:00.000Z";"2013-01-31T08:25:00.000Z";"2781";19.77810125;23.41585152;18.42289341;20.26963683;99137.31;217388476.73;10724833.33;"2013-01-31T23:59:59.999Z"
"2013-01-30T00:00:00.000Z";"2013-01-30T23:59:59.999Z";"2013-01-30T13:38:00.000Z";"2013-01-30T19:45:00.000Z";"2781";19.47149742;21.19304427;16.93634213;19.77510781;44916.4;211989135.13;10719998.96;"2013-01-30T23:59:59.999Z"
"2013-01-29T00:00:00.000Z";"2013-01-29T23:59:59.999Z";"2013-01-29T18:02:00.000Z";"2013-01-29T08:18:00.000Z";"2781";18.55448493;21.18685383;16.22904287;19.47350441;86226.72;208681744.83;10716188.54;"2013-01-29T23:59:59.999Z"
"2013-01-28T00:00:00.000Z";"2013-01-28T23:59:59.999Z";"2013-01-28T23:56:00.000Z";"2013-01-28T01:05:00.000Z";"2781";17.74651455;18.72743198;15.56183088;18.55876187;57791.84;198805961.52;10712216.67;"2013-01-28T23:59:59.999Z"
"2013-01-27T00:00:00.000Z";"2013-01-27T23:59:59.999Z";"2013-01-27T07:45:00.000Z";"2013-01-27T23:31:00.000Z";"2781";18.4815877;21.39969815;17.37831433;17.76881716;23836.26;190278933.33;10708587.5;"2013-01-27T23:59:59.999Z"
"2013-01-26T00:00:00.000Z";"2013-01-26T23:59:59.999Z";"2013-01-26T00:58:00.000Z";"2013-01-26T13:26:00.000Z";"2781";18.55973701;19.86257534;15.60380885;18.47786419;34625.22;197801590.37;10704786.46;"2013-01-26T23:59:59.999Z"
"2013-01-25T00:00:00.000Z";"2013-01-25T23:59:59.999Z";"2013-01-25T15:47:00.000Z";"2013-01-25T02:03:00.000Z";"2781";17.08135627;21.19665023;16.02889626;18.56021287;80674.83;198610247.23;10700802.08;"2013-01-25T23:59:59.999Z"
"2013-01-24T00:00:00.000Z";"2013-01-24T23:59:59.999Z";"2013-01-24T02:40:00.000Z";"2013-01-24T23:38:00.000Z";"2781";17.60092839;22.83846849;16.44588863;17.08409772;171634.84;182756512.51;10697436.46;"2013-01-24T23:59:59.999Z"
"2013-01-23T00:00:00.000Z";"2013-01-23T23:59:59.999Z";"2013-01-23T05:22:00.000Z";"2013-01-23T16:30:00.000Z";"2781";17.16165571;20.5474167;16.47660598;17.56134765;49428.33;187793222.34;10693554.17;"2013-01-23T23:59:59.999Z"
"2013-01-22T00:00:00.000Z";"2013-01-22T23:59:59.999Z";"2013-01-22T21:51:00.000Z";"2013-01-22T04:19:00.000Z";"2781";16.29381533;17.89917424;14.33772179;17.16109986;60934.22;183459236.46;10690412.5;"2013-01-22T23:59:59.999Z"
"2013-01-21T00:00:00.000Z";"2013-01-21T23:59:59.999Z";"2013-01-21T14:35:00.000Z";"2013-01-21T01:44:00.000Z";"2781";15.8082388;17.84015446;14.19561794;16.31208044;61537.2;174324162.14;10686762.5;"2013-01-21T23:59:59.999Z"
"2013-01-20T00:00:00.000Z";"2013-01-20T23:59:59.999Z";"2013-01-20T02:36:00.000Z";"2013-01-20T00:30:00.000Z";"2781";15.65531945;17.52331782;14.77861783;15.80898594;25983.01;168895136.62;10683489.58;"2013-01-20T23:59:59.999Z"
"2013-01-19T00:00:00.000Z";"2013-01-19T23:59:59.999Z";"2013-01-19T10:28:00.000Z";"2013-01-19T01:52:00.000Z";"2781";15.52211948;16.68811052;12.63774701;15.6536603;34657.6;167185429.38;10680277.08;"2013-01-19T23:59:59.999Z"
"2013-01-18T00:00:00.000Z";"2013-01-18T23:59:59.999Z";"2013-01-18T10:08:00.000Z";"2013-01-18T21:49:00.000Z";"2781";15.44575287;19.42520985;14.80829987;15.54198444;55777.12;165932928.37;10676431.25;"2013-01-18T23:59:59.999Z"
"2013-01-17T00:00:00.000Z";"2013-01-17T23:59:59.999Z";"2013-01-17T02:20:00.000Z";"2013-01-17T00:40:00.000Z";"2781";14.54266573;16.08632527;13.66254007;15.44014193;65189.26;164799003.88;10673412.5;"2013-01-17T23:59:59.999Z"
"2013-01-16T00:00:00.000Z";"2013-01-16T23:59:59.999Z";"2013-01-16T00:58:00.000Z";"2013-01-16T13:58:00.000Z";"2781";14.29807177;15.48732279;12.31500721;14.54262114;45534.14;155178735.52;10670616.67;"2013-01-16T23:59:59.999Z"
"2013-01-15T00:00:00.000Z";"2013-01-15T23:59:59.999Z";"2013-01-15T01:51:00.000Z";"2013-01-15T14:03:00.000Z";"2781";14.31729599;17.06952315;13.71697612;14.29598159;51653.58;152500417.92;10667337.5;"2013-01-15T23:59:59.999Z"
"2013-01-14T00:00:00.000Z";"2013-01-14T23:59:59.999Z";"2013-01-14T06:52:00.000Z";"2013-01-14T01:19:00.000Z";"2781";14.30430904;15.38816503;13.09528002;14.30837702;21996.33;152589033.72;10664314.58;"2013-01-14T23:59:59.999Z"
"2013-01-13T00:00:00.000Z";"2013-01-13T23:59:59.999Z";"2013-01-13T23:23:00.000Z";"2013-01-13T01:47:00.000Z";"2781";14.27536731;14.46577695;11.58593779;14.30639922;38398.56;152512057.47;10660408.33;"2013-01-13T23:59:59.999Z"
"2013-01-12T00:00:00.000Z";"2013-01-12T23:59:59.999Z";"2013-01-12T01:59:00.000Z";"2013-01-12T15:26:00.000Z";"2781";14.15114035;15.77418025;12.82227549;14.30474172;26770.97;152446750.07;10657078.13;"2013-01-12T23:59:59.999Z"
"2013-01-11T00:00:00.000Z";"2013-01-11T23:59:59.999Z";"2013-01-11T04:49:00.000Z";"2013-01-11T18:06:00.000Z";"2781";14.04565891;16.90344303;12.73803715;14.14937074;40371.55;150747926.47;10654037.5;"2013-01-11T23:59:59.999Z"
"2013-01-10T00:00:00.000Z";"2013-01-10T23:59:59.999Z";"2013-01-10T00:35:00.000Z";"2013-01-10T05:57:00.000Z";"2781";13.77092647;14.57427016;11.70651345;14.04514974;51830.43;149596469.97;10651112.5;"2013-01-10T23:59:59.999Z"
"2013-01-09T00:00:00.000Z";"2013-01-09T23:59:59.999Z";"2013-01-09T01:49:00.000Z";"2013-01-09T00:30:00.000Z";"2781";13.61213029;14.65458615;12.64010194;13.77099939;28731.31;146625855.32;10647362.5;"2013-01-09T23:59:59.999Z"
"2013-01-08T00:00:00.000Z";"2013-01-08T23:59:59.999Z";"2013-01-08T20:01:00.000Z";"2013-01-08T11:46:00.000Z";"2781";13.52709152;15.09429126;11.97719279;13.61189428;42802.24;144887554.95;10644187.5;"2013-01-08T23:59:59.999Z"
"2013-01-07T00:00:00.000Z";"2013-01-07T23:59:59.999Z";"2013-01-07T10:43:00.000Z";"2013-01-07T00:15:00.000Z";"2781";13.53211054;16.91231887;13.23551456;13.53184632;25445.11;143990318.73;10640847.92;"2013-01-07T23:59:59.999Z"
"2013-01-06T00:00:00.000Z";"2013-01-06T23:59:59.999Z";"2013-01-06T01:06:00.000Z";"2013-01-06T07:08:00.000Z";"2781";13.44000471;14.26452402;11.8477365;13.5141977;12742.41;143745861.36;10636655.21;"2013-01-06T23:59:59.999Z"
"2013-01-05T00:00:00.000Z";"2013-01-05T23:59:59.999Z";"2013-01-05T10:40:00.000Z";"2013-01-05T00:43:00.000Z";"2781";13.49578597;16.79383736;12.93979343;13.44027359;21266.72;142910695.09;10632967.71;"2013-01-05T23:59:59.999Z"
"2013-01-04T00:00:00.000Z";"2013-01-04T23:59:59.999Z";"2013-01-04T05:31:00.000Z";"2013-01-04T00:35:00.000Z";"2781";13.40029122;16.19616936;12.7463485;13.49017317;29724.44;143392826.11;10629428.13;"2013-01-04T23:59:59.999Z"
"2013-01-03T00:00:00.000Z";"2013-01-03T23:59:59.999Z";"2013-01-03T09:51:00.000Z";"2013-01-03T01:21:00.000Z";"2781";13.47577912;14.32725419;12.25265415;13.39987881;18024.05;142382924.78;10625687.5;"2013-01-03T23:59:59.999Z"
"2013-01-02T00:00:00.000Z";"2013-01-02T23:59:59.999Z";"2013-01-02T09:09:00.000Z";"2013-01-02T00:31:00.000Z";"2781";13.49811674;14.90998665;12.39830465;13.47588588;17983.56;143135974.81;10621637.5;"2013-01-02T23:59:59.999Z"
"2013-01-01T00:00:00.000Z";"2013-01-01T23:59:59.999Z";"2013-01-01T01:54:00.000Z";"2013-01-01T00:31:00.000Z";"2781";13.55402337;15.55188902;13.11076348;13.50148703;28305.24;143356243.7;10617811.46;"2013-01-01T23:59:59.999Z"
"2012-12-31T00:00:00.000Z";"2012-12-31T23:59:59.999Z";"2012-12-31T01:43:00.000Z";"2012-12-31T20:38:00.000Z";"2781";13.48373286;16.58882814;12.69813116;13.5285789;14997.91;143588517.44;10613717.71;"2012-12-31T23:59:59.999Z"
"2012-12-30T00:00:00.000Z";"2012-12-30T23:59:59.999Z";"2012-12-30T02:29:00.000Z";"2012-12-30T23:40:00.000Z";"2781";13.51949475;17.76348897;12.96511768;13.47902821;11767.98;143009512.69;10609779.17;"2012-12-30T23:59:59.999Z"
"2012-12-29T00:00:00.000Z";"2012-12-29T23:59:59.999Z";"2012-12-29T01:33:00.000Z";"2012-12-29T07:55:00.000Z";"2781";13.48735272;14.79275652;11.93067063;13.48775761;26202.72;143046296;10605639.58;"2012-12-29T23:59:59.999Z"
"2012-12-28T00:00:00.000Z";"2012-12-28T23:59:59.999Z";"2012-12-28T10:51:00.000Z";"2012-12-28T21:29:00.000Z";"2781";13.4201676;14.33707756;12.01139091;13.48663497;23731.55;142985500.64;10602014.58;"2012-12-28T23:59:59.999Z"
"2012-12-27T00:00:00.000Z";"2012-12-27T23:59:59.999Z";"2012-12-27T01:21:00.000Z";"2012-12-27T12:47:00.000Z";"2781";13.4781539;15.61400417;12.04135366;13.42095444;19795.46;142232031.76;10597758.33;"2012-12-27T23:59:59.999Z"
"2012-12-26T00:00:00.000Z";"2012-12-26T23:59:59.999Z";"2012-12-26T05:28:00.000Z";"2012-12-26T00:32:00.000Z";"2781";13.4479929;15.03065811;12.65433387;13.46452665;15888.84;142642115.37;10593919.79;"2012-12-26T23:59:59.999Z"
"2012-12-25T00:00:00.000Z";"2012-12-25T23:59:59.999Z";"2012-12-25T13:02:00.000Z";"2012-12-25T01:06:00.000Z";"2781";13.44967673;14.19164252;11.15790111;13.43245768;13206.95;142250608.34;10590065.63;"2012-12-25T23:59:59.999Z"
"2012-12-24T00:00:00.000Z";"2012-12-24T23:59:59.999Z";"2012-12-24T08:48:00.000Z";"2012-12-24T00:48:00.000Z";"2781";13.31775733;15.13025849;12.5563232;13.46215001;16716.15;142523235.26;10586959.38;"2012-12-24T23:59:59.999Z"
"2012-12-23T00:00:00.000Z";"2012-12-23T23:59:59.999Z";"2012-12-23T02:12:00.000Z";"2012-12-23T12:37:00.000Z";"2781";13.65280902;16.811331;13.29116991;13.31638151;23881.86;140935768.59;10583638.54;"2012-12-23T23:59:59.999Z"
"2012-12-22T00:00:00.000Z";"2012-12-22T23:59:59.999Z";"2012-12-22T22:43:00.000Z";"2012-12-22T05:51:00.000Z";"2781";13.51293895;14.20184287;11.28900038;13.5445149;14795.17;143309348.32;10580618.75;"2012-12-22T23:59:59.999Z"
"2012-12-21T00:00:00.000Z";"2012-12-21T23:59:59.999Z";"2012-12-21T04:46:00.000Z";"2012-12-21T01:00:00.000Z";"2781";13.52422236;15.04326784;12.64659275;13.53259766;25291.4;143131663.51;10576806.25;"2012-12-21T23:59:59.999Z"
"2012-12-20T00:00:00.000Z";"2012-12-20T23:59:59.999Z";"2012-12-20T01:26:00.000Z";"2012-12-20T19:07:00.000Z";"2781";13.469629;14.96441439;11.9895222;13.52429238;32923.87;143000598.79;10573610.42;"2012-12-20T23:59:59.999Z"
"2012-12-19T00:00:00.000Z";"2012-12-19T23:59:59.999Z";"2012-12-19T21:22:00.000Z";"2012-12-19T08:02:00.000Z";"2781";13.37234159;14.30481638;11.21440073;13.45665339;38831.22;142250114.78;10570987.5;"2012-12-19T23:59:59.999Z"
"2012-12-18T00:00:00.000Z";"2012-12-18T23:59:59.999Z";"2012-12-18T00:47:00.000Z";"2012-12-18T09:37:00.000Z";"2781";13.37634561;13.90039671;11.15254308;13.38261509;23247.22;141420213.42;10567457.29;"2012-12-18T23:59:59.999Z"
"2012-12-17T00:00:00.000Z";"2012-12-17T23:59:59.999Z";"2012-12-17T00:14:00.000Z";"2012-12-17T11:11:00.000Z";"2781";13.62111277;13.84746412;11.15817027;13.38649078;63479.78;141419406.55;10564287.5;"2012-12-17T23:59:59.999Z"
"2012-12-16T00:00:00.000Z";"2012-12-16T23:59:59.999Z";"2012-12-16T00:46:00.000Z";"2012-12-16T02:01:00.000Z";"2781";13.6097569;14.30067346;12.11604221;13.65159696;42636.68;144174344.85;10560987.5;"2012-12-16T23:59:59.999Z"
"2012-12-15T00:00:00.000Z";"2012-12-15T23:59:59.999Z";"2012-12-15T10:21:00.000Z";"2012-12-15T07:12:00.000Z";"2781";13.7690417;15.13062464;12.85988284;13.61609742;15164.42;143761423.05;10558169.79;"2012-12-15T23:59:59.999Z"
"2012-12-14T00:00:00.000Z";"2012-12-14T23:59:59.999Z";"2012-12-14T09:37:00.000Z";"2012-12-14T00:15:00.000Z";"2781";13.78847733;16.57368433;12.89311926;13.76860435;70024.05;145331921.61;10555287.5;"2012-12-14T23:59:59.999Z"
"2012-12-13T00:00:00.000Z";"2012-12-13T23:59:59.999Z";"2012-12-13T02:29:00.000Z";"2012-12-13T00:23:00.000Z";"2781";13.67600467;16.24362448;13.0156632;13.7881444;24234.19;145501289.66;10552612.5;"2012-12-13T23:59:59.999Z"
"2012-12-12T00:00:00.000Z";"2012-12-12T23:59:59.999Z";"2012-12-12T05:59:00.000Z";"2012-12-12T18:23:00.000Z";"2781";13.57595532;15.85975929;13.07489998;13.67323556;37678.33;144244260.31;10549387.5;"2012-12-12T23:59:59.999Z"
"2012-12-11T00:00:00.000Z";"2012-12-11T23:59:59.999Z";"2012-12-11T21:19:00.000Z";"2012-12-11T02:18:00.000Z";"2781";13.48827513;14.12287003;11.10073338;13.56332623;28034;143040434.94;10546117.71;"2012-12-11T23:59:59.999Z"
"2012-12-10T00:00:00.000Z";"2012-12-10T23:59:59.999Z";"2012-12-10T15:52:00.000Z";"2012-12-10T08:12:00.000Z";"2781";13.45776776;14.81904957;11.53199186;13.52452183;24668.89;142582440.45;10542512.5;"2012-12-10T23:59:59.999Z"
"2012-12-09T00:00:00.000Z";"2012-12-09T23:59:59.999Z";"2012-12-09T02:01:00.000Z";"2012-12-09T00:28:00.000Z";"2781";13.52387578;16.8291348;13.11398118;13.45784715;27969.96;141830835.24;10538894.79;"2012-12-09T23:59:59.999Z"
"2012-12-08T00:00:00.000Z";"2012-12-08T23:59:59.999Z";"2012-12-08T10:34:00.000Z";"2012-12-08T15:54:00.000Z";"2781";13.51167562;14.31926517;11.83308714;13.51372041;13193.6;142377503.58;10535747.92;"2012-12-08T23:59:59.999Z"
"2012-12-07T00:00:00.000Z";"2012-12-07T23:59:59.999Z";"2012-12-07T00:21:00.000Z";"2012-12-07T17:25:00.000Z";"2781";13.44298117;14.41004629;11.26226957;13.51220144;32833.62;142315136.32;10532342.71;"2012-12-07T23:59:59.999Z"
"2012-12-06T00:00:00.000Z";"2012-12-06T23:59:59.999Z";"2012-12-06T16:24:00.000Z";"2012-12-06T02:35:00.000Z";"2781";13.34739734;15.18678814;11.83761505;13.44278213;46764.76;141540649.38;10529092.71;"2012-12-06T23:59:59.999Z"
"2012-12-05T00:00:00.000Z";"2012-12-05T23:59:59.999Z";"2012-12-05T11:07:00.000Z";"2012-12-05T01:47:00.000Z";"2781";13.17981352;13.78663612;11.16879674;13.35841304;29821.74;140606522.91;10525662.5;"2012-12-05T23:59:59.999Z"
"2012-12-04T00:00:00.000Z";"2012-12-04T23:59:59.999Z";"2012-12-04T12:51:00.000Z";"2012-12-04T01:11:00.000Z";"2781";12.6770481;15.43967946;11.59295024;13.18377975;63183.58;138728107.73;10522606.25;"2012-12-04T23:59:59.999Z"
"2012-12-03T00:00:00.000Z";"2012-12-03T23:59:59.999Z";"2012-12-03T00:43:00.000Z";"2012-12-03T02:04:00.000Z";"2781";12.53689563;13.150572;10.83779267;12.67929404;26712.81;133384429.9;10519837.5;"2012-12-03T23:59:59.999Z"
"2012-12-02T00:00:00.000Z";"2012-12-02T23:59:59.999Z";"2012-12-02T05:26:00.000Z";"2012-12-02T01:25:00.000Z";"2781";12.59992843;14.33851051;12.09077266;12.54691179;14053.98;131944918.89;10516127.08;"2012-12-02T23:59:59.999Z"
"2012-12-01T00:00:00.000Z";"2012-12-01T23:59:59.999Z";"2012-12-01T19:59:00.000Z";"2012-12-01T08:50:00.000Z";"2781";12.60321774;13.66527293;11.5972999;12.59861111;14750.26;132444277.27;10512609.38;"2012-12-01T23:59:59.999Z"
"2012-11-30T00:00:00.000Z";"2012-11-30T23:59:59.999Z";"2012-11-30T04:36:00.000Z";"2012-11-30T18:49:00.000Z";"2781";12.46174322;15.03030852;12.06921413;12.60555385;24354.44;132464674.79;10508437.5;"2012-11-30T23:59:59.999Z"
"2012-11-29T00:00:00.000Z";"2012-11-29T23:59:59.999Z";"2012-11-29T02:46:00.000Z";"2012-11-29T18:17:00.000Z";"2781";12.40632056;15.43456707;10.43300852;12.45;26479.26;130790842.35;10505260.42;"2012-11-29T23:59:59.999Z"
"2012-11-28T00:00:00.000Z";"2012-11-28T23:59:59.999Z";"2012-11-28T00:31:00.000Z";"2012-11-28T05:46:00.000Z";"2781";12.53132403;13.06179951;10.46919647;12.37713438;30628.89;129974299.41;10501162.5;"2012-11-28T23:59:59.999Z"
"2012-11-27T00:00:00.000Z";"2012-11-27T23:59:59.999Z";"2012-11-27T21:58:00.000Z";"2012-11-27T13:11:00.000Z";"2781";12.39032583;13.30646848;10.4863201;12.53183464;33252.57;131504373.28;10493625;"2012-11-27T23:59:59.999Z"